,hr0,hr0.25,hr0.5,hr1,hr2,hr4,hr8,hr12,hr24
AT1G01060,-0.493754636,0.038391703,-0.241564081,1.281586771,-0.857534403,1.802754812,0.375791772,-0.71660283,-1.189069109
AT1G01260,0.118070006,-1.264804129,-0.927316728,-1.093059119,0.882899242,-0.467049998,1.58448734,0.850508828,0.316264558
AT1G01380,1.230692292,0.437031547,1.148700382,-0.19289279,-0.702138898,-0.977671903,-1.677995355,-0.08207875,0.816353475
AT1G01520,-0.477669849,-0.166093088,0.146600251,2.574146444,-0.583643951,-0.00601188,-0.387996432,-0.572475269,-0.526856226
AT1G01580,0.566553312,0.886705667,-1.300424084,-0.353893096,1.250148045,-1.269432978,0.429805015,-1.025444678,0.815982796
AT1G02030,1.392435081,-0.262916473,-0.600068413,1.067008501,-0.849485026,0.429835006,-1.352858255,1.021112434,-0.845062855
AT1G02230,1.423881483,-1.092826024,0.101631429,-0.689946468,0.623563186,-1.435576892,-0.629122039,0.803602772,0.894792553
AT1G02340,1.129254701,0.560143448,-0.556673513,1.471915474,-0.549252388,-1.469163805,0.735298512,-0.834840845,-0.486681587
AT1G02810,-0.318700256,2.054826375,1.251250859,0.133741521,-0.655535901,-0.549527935,-0.94063543,-0.501467995,-0.473951238
AT1G03040,-1.199932744,-0.96066853,-1.252053672,-0.297693006,0.301842563,1.484786538,0.452947542,1.181800409,0.288970899
AT1G03106,-0.468530376,-0.594689478,2.552434129,-0.608061631,-0.146483355,-0.080399495,-0.69514396,-0.102410092,0.143284258
AT1G03170,-0.676403876,0.275023983,-0.215500614,1.714492462,-1.090253197,1.314819823,-1.009885536,0.341286497,-0.653579542
AT1G03790,1.103140736,-0.889439987,1.750562341,-1.422953825,0.324431125,-0.788888929,0.194464515,-0.359808614,0.088492638
AT1G03800,1.505078503,-0.133329606,1.018919389,-0.295197107,-0.324414925,-1.16609309,1.145879846,-1.250147724,-0.500695286
AT1G04990,0.379469408,1.076843853,0.300276072,1.493100641,-0.603003158,-0.288547574,-1.903853185,-0.545087732,0.090801675
AT1G05230,-0.984522806,-1.076845136,-0.997219624,-0.835652195,1.353519128,1.125879438,0.913612719,0.007266647,0.493961828
AT1G05420,-1.495659103,-0.415261192,-0.065144329,0.609393188,-0.413573748,1.860533426,-1.02735731,0.671521047,0.275548021
AT1G05710,1.281760817,0.883200407,-0.906817768,0.707616649,-0.536960782,-1.455702049,1.046608186,-0.849943025,-0.169762435
AT1G05805,-0.845215984,-0.039493617,-0.390307076,0.263206376,0.729400816,-1.176666022,2.076129366,-0.876494194,0.259440335
AT1G06000,-0.88616837,-0.160401146,-0.819539228,2.059241591,-0.242122909,1.265207076,-0.615907205,-0.129924845,-0.470384964
AT1G06002,-2.056776002,-0.097373746,-0.77230505,1.428521725,0.083601472,0.404802974,0.964928517,-0.078012303,0.122612414
AT1G06040,-0.919005386,0.707445466,-0.408838492,2.070663224,-0.839989898,0.823189856,-0.239787851,-0.443541624,-0.750135295
AT1G06160,-1.045353787,-0.443340279,-1.170663461,-1.131049562,1.537685385,0.209136992,0.3046042,0.714677705,1.024302806
AT1G06850,1.542737491,-0.914222763,0.944590751,-1.257863208,0.133195445,-0.541105617,-1.103102073,0.781437192,0.41433278
AT1G07010,-0.878365426,-0.068005251,-0.236609636,1.384295931,-0.639782078,1.908639731,-0.505497788,0.006812533,-0.971488015
AT1G07050,-0.894408626,0.147657929,0.428705204,1.587176194,0.554825305,-0.68612689,-1.223921209,-1.004575938,1.09066803
AT1G07128,-1.427879495,0.603676615,-0.189263406,1.125516952,-0.2942531,-0.449398631,1.811615491,-0.707083937,-0.472930488
AT1G07135,-0.485962437,1.210076292,2.191998015,-0.284664762,-0.422789377,-0.64354694,-0.552123179,-0.544250091,-0.468737522
AT1G07150,-0.570544961,1.401740897,-0.151463531,2.043078998,-0.566905849,-0.391460671,-0.579830833,-0.59391902,-0.590695028
AT1G07160,-0.701661209,2.379540985,-0.109264179,0.523848796,-0.862467558,-0.04936751,0.082872626,-0.569597435,-0.693904516
AT1G07560,-0.014233577,-1.100408299,-2.171622089,0.740148047,0.431592642,0.872397605,0.536982145,0.209701115,0.495442411
AT1G07620,-0.473355641,0.352214724,-0.955292288,2.354587972,-0.404974849,-0.505649393,0.51963405,-0.680199465,-0.20696511
AT1G07640,-1.343598339,-1.126559081,-1.077481359,-0.265055651,0.841935811,0.698467674,1.33865005,0.834140436,0.099500459
AT1G07690,-0.265262701,0.201493356,-0.193361751,2.318721477,-0.661616205,-0.071714199,-1.418136661,-0.047659303,0.137535987
AT1G08000,-0.712349285,-1.210022809,-0.239136089,-0.974875359,-0.161113532,1.538602183,0.403715231,1.556890425,-0.201710765
AT1G08320,1.886281866,-0.197764764,-0.040276233,-0.856568872,-0.411178825,-1.414642358,0.136405927,-0.284489921,1.18223318
AT1G08920,-1.596140345,-0.264627503,-1.190297788,-0.348173541,1.156646369,1.421271999,0.691363554,0.064051567,0.065905689
AT1G09070,-0.779762898,1.725128913,1.653567611,0.213192786,-0.667021257,-0.427918151,-0.680209625,-0.580880878,-0.456096502
AT1G09350,-0.736226212,-0.423038613,-0.637365674,0.445695947,-0.507848759,2.459642806,-0.604428435,-0.020977531,0.024546471
AT1G09540,0.363103201,0.753111748,-0.099542883,2.14621789,-0.398739607,-0.443868264,-1.369369107,-0.447916205,-0.502996774
AT1G09950,-0.838837906,2.056310111,0.962818433,0.475557807,0.033858191,-0.566979493,-0.942913485,-0.530379383,-0.649434276
AT1G10120,0.188647802,1.30240254,1.149226434,0.836978361,-1.149206498,-0.016860152,-1.403729967,0.067685792,-0.975144313
AT1G10370,-0.420591399,0.206547842,-0.147916228,1.664806404,-0.911164916,1.644740615,-0.818426168,-0.467560123,-0.750436028
AT1G10480,1.187881033,-0.464868148,-0.726619287,0.912281401,-0.76724931,1.580402589,0.214123273,-0.911158128,-1.024793422
AT1G11185,-1.634488309,2.031692109,0.456886449,-0.5753606,0.337625947,-0.384299268,0.421398604,-0.262952753,-0.39050218
AT1G12010,0.72217394,-0.575170677,-1.162036679,-0.112080648,-0.031733927,-0.686865621,2.280676597,-0.128378698,-0.306584287
AT1G12240,-0.749251356,0.023924942,-0.696037273,2.329903724,-0.364956792,0.851982486,-0.557577084,-0.373947414,-0.464041231
AT1G12370,-0.858485181,-0.167034364,-0.847459483,1.946786057,-0.158209809,1.402854922,-0.48259217,-0.14253866,-0.693321311
AT1G12610,-0.565772271,1.413237274,2.05545866,-0.59656703,-0.387238417,-0.594586382,-0.535111541,-0.409483475,-0.379936818
AT1G12860,-1.129742211,-0.475064037,0.441558375,-0.658080327,-0.219630173,2.218911154,-0.542051955,0.7007232,-0.336624025
AT1G13110,-0.547427894,-0.007732418,-0.948312866,2.437509932,-0.326771701,0.511123105,-0.505347622,-0.461760094,-0.151280442
AT1G13260,-0.414599639,0.152769245,0.591916903,-2.1605342,0.479670249,-0.625794701,1.300789319,-0.011678627,0.687461452
AT1G13340,-0.642396632,0.679866485,2.222682256,-0.657391029,-0.201738694,-1.104747913,0.396385276,-0.563645602,-0.129014147
AT1G13480,-0.894720913,-0.424453866,-0.647472538,0.556132178,-0.714805228,0.724260243,2.207459266,-0.233945173,-0.572453969
AT1G13670,-0.873441041,1.276288843,-0.053417752,1.939966612,-0.588466304,0.206437256,-0.859369341,-0.236519711,-0.811478562
AT1G13740,-0.689294051,0.568087494,0.110923235,2.242385401,-0.786263495,0.502732632,-0.55496761,-0.620811266,-0.772792341
AT1G13930,-0.996798834,0.025829135,-0.49444813,1.810441016,-0.269826487,1.417629746,-1.106826958,-0.418283084,0.032283596
AT1G14345,-1.034463708,-0.141750946,-0.4918212,0.918707508,-0.200280934,2.157819046,-0.641998855,0.243736319,-0.809947231
AT1G14350,1.858880539,-0.064600089,1.040669178,-0.012383238,0.613364693,-1.098457785,-0.962897827,-0.651809257,-0.722766215
AT1G14430,-0.570352559,0.011606265,-0.134261761,1.175863199,-0.769760395,1.914922251,-1.123939376,0.306592386,-0.810670009
AT1G14920,0.798967287,-1.294627073,-0.458579397,-1.837948892,0.456668199,0.06860172,0.418165813,0.933955409,0.914796935
AT1G15010,-0.87238209,0.63302294,1.642484406,-0.965240345,0.202696437,-0.761993199,1.328918635,-0.818237615,-0.389269168
AT1G15100,-0.360252925,0.544766287,-0.812501875,2.362362522,-0.566619329,0.414506515,-0.509644622,-0.584617854,-0.487998719
AT1G15580,-0.842014423,-1.047247302,-0.380216791,2.069940532,0.371048885,-0.056713972,-1.061010709,0.632431174,0.313782607
AT1G15640,-0.354323649,0.464209087,-0.217015236,2.511777875,-0.493425738,-0.165969914,-0.686504478,-0.535030343,-0.523717604
AT1G15760,2.128768254,-0.484372999,0.965588532,-0.239964706,-0.751939446,-0.484917181,-1.046683084,0.371454072,-0.457933443
AT1G16720,-0.742472436,-0.370298847,-0.69060036,1.474768055,-0.396686905,1.96620776,-0.459756231,-0.145704792,-0.635456245
AT1G17100,-0.736636472,0.450892728,0.267232129,2.078451151,-0.790207324,0.822917463,-0.8919744,-0.450937837,-0.749737439
AT1G17380,-1.061627174,-0.581555676,-0.644530284,-0.657056312,0.816017775,-0.289392448,2.210747738,-0.016828296,0.224224677
AT1G17420,-1.267713323,2.198491269,0.069986007,-0.563948179,0.037261772,-0.653297061,0.776932315,-0.184480099,-0.413232699
AT1G17750,-1.494828471,1.076996389,0.321953687,-0.933238535,1.062058686,-1.024316666,1.191912905,-0.019581702,-0.180956291
AT1G17920,0.396963822,0.739395147,0.758436654,0.750626519,-1.142445248,1.186825742,-1.53467108,-0.118800071,-1.036331484
AT1G17950,1.951190917,-0.45324949,-1.017118768,0.02471891,-0.23821614,-0.220111271,0.636814686,0.708604614,-1.392633457
AT1G18100,1.993370324,0.061302773,-0.995623301,0.366458826,0.417451681,-1.320575644,-0.672780461,-0.432261437,0.582657238
AT1G18300,-0.458558257,0.350179253,2.576183787,-0.314471977,-0.441857255,-0.440670215,-0.377104379,-0.431089689,-0.462611268
AT1G18330,-0.730160307,1.42900538,-0.421466429,1.921571726,-0.701665792,-0.117103176,0.065118587,-0.723916068,-0.721383922
AT1G18710,-1.394035203,-0.900285408,-0.983796346,0.212105269,0.299155527,1.402868558,1.472229736,-0.089159238,-0.019082894
AT1G18810,-1.070257789,0.041122631,-0.478736035,2.24276097,0.350323301,0.576423023,-0.302232474,-0.431338434,-0.928065193
AT1G18830,-0.231274359,-0.028645316,-0.425413576,2.626188117,-0.502491876,-0.118657858,-0.363722683,-0.555540237,-0.400442209
AT1G19020,-1.162777617,1.240933583,0.98472171,0.011478388,-0.601754148,-0.734171311,1.541756007,-0.782672098,-0.497514514
AT1G19180,-2.22096846,1.01502213,0.491922187,-0.670720969,0.807180757,-0.289135592,0.766462491,0.143784168,-0.043546712
AT1G19220,-0.545585167,-0.091030146,-1.020223464,2.477201836,0.016042954,0.195417974,-0.628262243,-0.233994514,-0.16956723
AT1G19380,-0.628934671,1.334642153,0.771250504,1.721947232,-0.632651726,-0.274294037,-0.758586072,-0.902124265,-0.631249118
AT1G19490,-0.085312238,0.43612061,0.230418525,2.206697742,-0.771461054,0.370121395,-1.031113186,-0.389704031,-0.965767764
AT1G19510,0.356334862,0.529331133,2.136198463,0.159166682,-0.353966978,-0.37678203,-1.507979133,-0.373862608,-0.568440389
AT1G19670,-1.197473875,-1.049589377,-1.168934705,0.245309321,0.892969094,0.77305426,1.608240094,0.107941565,-0.211516377
AT1G19700,-0.076923035,-1.308165506,-1.136488023,0.672634802,0.550754559,1.983459992,-0.539086133,-0.073049628,-0.073137029
AT1G20310,-0.744207451,1.588306015,1.825572551,0.056755462,-0.550348444,-0.465360006,-0.322048852,-0.685879894,-0.70278938
AT1G20510,-1.761346843,1.632013854,0.889697819,-0.183664527,0.55678353,-1.015894272,0.072041569,-0.24258933,0.0529582
AT1G20520,-0.596723579,0.678033267,2.428819634,-0.429497839,-0.125068286,-0.50072375,-0.748715126,-0.463316824,-0.242807497
AT1G21120,-0.514305511,-0.180728979,-0.42661268,-0.106330527,-0.435663648,-0.15941039,2.638486568,-0.39700584,-0.418428992
AT1G21450,-0.155611522,-0.430027003,-0.490957706,-0.2174293,0.672644441,-0.974201996,2.365533224,-0.708137369,-0.061812768
AT1G22065,1.064647585,0.352823711,-0.804162988,-0.206746066,0.585624776,-1.448414861,1.67964114,-0.756952147,-0.466461149
AT1G22070,-0.032444172,-0.870554575,-0.853210942,-0.051177711,1.081060148,-1.039183872,-0.452091581,0.214756553,2.00284615
AT1G22220,-0.544355802,-0.083694849,-0.422926613,2.61832908,-0.288822165,0.027426098,-0.420890851,-0.374825856,-0.510239043
AT1G22570,-1.506639997,1.035471382,-0.479154503,2.021803998,-0.048442229,-0.181081208,-0.202957996,-0.492799094,-0.146200352
AT1G22590,-1.132178419,-0.680941975,-0.700163764,-0.845312646,0.834018722,1.81751648,-0.034450062,0.993109157,-0.251597493
AT1G22680,-0.510907233,0.023012325,-0.317823092,1.737385308,-0.817301331,1.58235338,-1.000986349,-0.029193127,-0.666539879
AT1G22770,-0.701861246,0.007393773,-0.832888098,2.398910168,-0.285746246,0.41892837,-0.686499377,-0.53314591,0.214908567
AT1G22810,-0.618582006,1.801519549,-0.326900408,1.698939301,-0.587358964,-0.273453298,-0.585385567,-0.527126979,-0.581651628
AT1G23010,-0.308587853,0.252723723,-0.351543289,1.832503312,-1.017081716,1.444287033,-0.556096255,-0.436541323,-0.859663632
AT1G23160,2.275239606,-0.192918063,0.253560544,-1.036793489,-0.316287359,-0.366134799,-0.983690253,0.61810455,-0.251080737
AT1G24140,-0.484197438,0.763457961,2.39458226,-0.522611947,-0.492385233,-0.561955983,-0.029307724,-0.686393534,-0.381188361
AT1G24625,-0.665653138,-0.897990306,-0.341720775,-1.147555091,0.425084982,1.829679472,-0.728544894,0.978123705,0.548576046
AT1G25250,0.598401529,-0.652473753,0.254843543,-0.32170249,-0.499806864,0.223235894,-1.949430018,1.484747338,0.862184821
AT1G25440,-0.895728903,-1.043576988,-0.841631341,-0.344147536,0.344749607,2.057716701,0.899032899,0.140882795,-0.317297235
AT1G25560,-1.26494409,-0.140373527,0.367734762,-0.393045928,0.723509834,-1.119960784,1.929228274,-0.592175108,0.490026566
AT1G26780,1.15035935,-1.712131502,0.060441055,0.05512743,0.266874258,0.296730411,-1.549330654,0.993164561,0.438765091
AT1G26790,-0.681132189,1.11802294,-0.227884628,2.136262667,-0.825385686,0.034337887,-0.2270196,-0.496532183,-0.830669208
AT1G26945,0.143501303,-1.383617849,-0.626419394,-1.644341798,0.719978635,0.455673265,0.441148408,1.303664488,0.590412943
AT1G26960,0.677719127,0.820734634,0.276309672,0.8740644,-0.128155718,-0.362580746,-2.344131847,0.521160113,-0.335119636
AT1G27660,1.2236157,-0.273677653,1.578199679,-0.024168209,-0.902113779,-0.323059961,-1.452519449,0.755250614,-0.58152694
AT1G27730,-0.685435137,1.214101049,2.131434061,-0.078348923,-0.590518017,-0.634867447,-0.145101773,-0.622732572,-0.588531242
AT1G27740,0.538562251,0.516933638,-0.290992872,1.752974424,-1.157810913,0.505484862,-1.497266059,0.251727862,-0.619613192
AT1G28370,-0.559484584,0.632591272,2.475757459,-0.564216945,-0.296078651,-0.565311079,-0.295900143,-0.445564188,-0.381793141
AT1G28480,-1.295507323,0.884232492,1.252266836,-0.454826919,0.166392509,-0.85500276,1.498447407,-0.748803012,-0.447199229
AT1G28600,-1.740178731,0.356313511,-0.215343136,-0.045046152,-0.040038786,2.10356219,0.267714445,-0.167145743,-0.519837599
AT1G29280,-0.405176708,-0.060681904,-1.251599881,2.136295208,0.011577918,-1.02168002,0.312741529,-0.371292142,0.649816
AT1G29640,-0.271101575,1.436967736,0.154055316,1.830684498,-0.803258352,-0.043051974,-0.897318545,-0.554427197,-0.852549909
AT1G29920,-0.877097286,-0.787363687,-0.868946168,-0.556004111,0.663057428,1.920981367,0.943250969,0.245358605,-0.683237117
AT1G30040,-1.059777386,-0.34038308,-0.842294121,2.001796293,0.498357155,-0.537007227,1.039594954,-0.642680278,-0.117606311
AT1G30100,-0.119885346,-1.413495608,0.285310073,-1.229767401,0.978117173,0.300466888,-0.928962239,0.732965568,1.395250892
AT1G30135,-1.169747305,1.878941585,0.941295674,0.550874198,-0.53294532,-0.899908557,0.386970462,-0.594911632,-0.560569103
AT1G30330,0.52100414,1.040836312,0.674161884,0.856622034,-0.851724181,-0.151845021,-2.166025939,0.121543481,-0.044572711
AT1G30650,1.987762119,-0.207178635,-0.65504274,0.20268141,-0.515376504,-1.430418633,-0.406201126,-0.005293547,1.029067657
AT1G30970,-1.153582516,0.184277267,0.287445052,-1.011851817,-0.0183753,0.614476731,1.967857822,-1.105858914,0.235611673
AT1G31040,1.012255871,0.04732689,1.186390411,-1.050352486,0.396095933,-1.546102148,-0.755153001,-0.384498382,1.094036912
AT1G31310,0.844251915,0.803525751,1.784984578,0.230485551,-0.497359716,-1.361894993,-0.878780178,-0.686104569,-0.239108339
AT1G31350,-1.491063378,1.108977065,-0.435291437,1.64736529,-0.286955076,0.04564451,0.779569321,-0.771886784,-0.596359512
AT1G32240,-0.901634043,-0.754019473,0.139288713,-0.109913908,-0.036389841,1.509324502,-0.7863902,1.744167683,-0.804433433
AT1G32540,-0.834062585,-0.777351757,-0.811375737,-0.757633426,0.585977417,-0.054726369,2.241878293,0.282380176,0.124913988
AT1G32640,-1.904297488,-0.151540435,0.405060047,-0.217999525,0.87239973,-0.58728542,1.737733709,-0.049500198,-0.104570422
AT1G32690,-0.543726896,0.831858073,-0.812219254,2.358937067,-0.250321279,-0.371116855,-0.467268006,-0.159768149,-0.586374701
AT1G32970,-0.875887093,1.386010111,0.477128619,-0.613434693,0.223022178,-0.854893043,1.699494442,-0.728006446,-0.713434076
AT1G33240,1.425724341,-0.631845644,0.729513756,0.229315544,-0.31669047,0.156271164,-1.930277568,0.90230951,-0.564320632
AT1G33600,-1.816257974,0.499838533,-0.842652774,-0.126793663,1.136273779,-0.349948388,1.516088525,-0.088849363,0.072301325
AT1G34180,-0.283494753,0.472374473,-0.052443782,-0.80935966,0.655752866,-1.319493443,2.11828457,-0.584472553,-0.197147718
AT1G34520,1.849894793,1.021444642,-0.276400668,0.943033594,-0.541264439,-0.685896192,-0.899583052,-0.719339742,-0.691888936
AT1G35210,-0.595128332,0.324224962,2.54308157,-0.379868724,-0.468229163,-0.520687135,0.02940515,-0.504225466,-0.428572861
AT1G35560,-1.124472863,-0.527309059,-0.844021108,0.109063422,-0.022317963,0.182506068,2.204844382,0.658101028,-0.636393908
AT1G42550,-1.233680402,0.246389378,0.299882002,1.795584141,-0.727593801,0.507582373,0.865333669,-0.754147993,-0.999349368
AT1G43160,-0.887796155,0.11256104,-1.14785816,2.110051705,-0.33973335,0.965461618,-0.060765746,-0.157635575,-0.594285379
AT1G43700,-0.051717358,-0.3450907,-0.031392797,-0.746804457,0.775928268,-1.148996205,2.138895085,-0.864564217,0.27374238
AT1G44020,-0.573138806,-0.044803143,-0.627821807,2.615749026,-0.455410497,-0.245374135,-0.164783954,-0.177300519,-0.327116166
AT1G44050,-0.390240641,-0.030422986,-0.587645368,2.63918575,-0.325410843,-0.306763206,-0.381410263,-0.299603777,-0.317688666
AT1G44446,-0.904879334,-0.411157629,-0.668624107,0.468418427,-0.169216907,2.306372153,0.472013644,-0.248435326,-0.84449092
AT1G44575,-1.022243858,-0.394556643,-0.660023732,0.202509619,-0.483649048,2.142024581,-0.344351768,1.06276101,-0.502470162
AT1G44830,0.9600001,0.803176648,1.903656143,-0.832240831,-0.457052396,-0.910490689,-0.974202208,-0.18174544,-0.311101326
AT1G45249,1.106699559,0.379403492,0.705045041,1.636113549,-0.70059702,-0.335139816,-1.341892027,-0.687625438,-0.76200734
AT1G47655,-0.123583414,-0.626971367,-0.441454867,-0.068743303,-0.086944102,0.316208902,2.491034942,-0.645853327,-0.813693463
AT1G47760,1.09729095,0.26502747,0.656359786,0.123793372,-1.218852942,0.568791093,-1.718979603,0.976388758,-0.749818884
AT1G48100,-0.333651714,-0.149590518,-0.498155921,0.922565558,-0.625929363,2.328335739,-0.647873245,-0.358874945,-0.636825591
AT1G48500,-0.543558805,-0.222352959,-0.748773563,2.511129207,-0.365291308,0.422065553,-0.585330758,-0.345798012,-0.122089355
AT1G49010,-0.972354664,-0.025298008,1.060431484,-0.34455217,-0.964498489,2.015084597,-0.696062889,0.371474431,-0.444224292
AT1G49100,1.798900714,-0.188209544,-1.15525278,0.760627486,-0.552466066,-0.140288129,-1.414914654,0.232483288,0.659119686
AT1G49130,-0.267908546,-0.354244128,0.030848958,-0.779491564,0.138132595,-0.877528891,2.497457242,-0.40899272,0.021727054
AT1G49210,1.605565397,-0.075063361,0.691188639,-1.803215915,0.865306623,0.187274041,-0.707356868,-0.145843687,-0.617854869
AT1G49450,2.27761213,-0.37486614,0.205268029,0.55516429,-0.929421527,-0.187840823,-1.006349403,0.093673944,-0.6332405
AT1G49530,-0.971296666,-0.500520062,-0.690654874,-0.800493875,1.200533027,-0.286973701,2.009984864,-0.22910478,0.268526068
AT1G49560,1.002635183,0.450402058,1.708178413,0.01614208,-0.65053495,-0.143098234,-1.73789377,-0.005716445,-0.640114334
AT1G49620,0.881635487,-1.212310981,0.270467751,-1.835325958,0.081685759,1.17389069,-0.461034667,0.782993588,0.31799833
AT1G49720,0.326233603,-0.372245771,-0.18121855,-0.415162607,1.308222235,-1.18681078,-0.670020025,-0.683496655,1.87449855
AT1G50020,-0.778437977,0.240128152,-0.670828198,2.279979114,-0.448088693,0.828800505,-0.283554008,-0.44643089,-0.721568005
AT1G50040,-0.45274533,2.624234093,-0.009414329,-0.408489424,-0.480349392,-0.498201472,-0.19062297,-0.458667715,-0.125743461
AT1G50250,-1.112841807,-0.094614073,-0.493469353,1.923841921,-0.492218661,1.341451357,-0.192611242,-0.026073629,-0.853464512
AT1G50420,-0.127053164,-0.947944252,-0.720971806,-0.712578306,-0.17030191,2.172041986,1.04859802,-0.09117946,-0.450611106
AT1G50640,-0.514268102,-0.63910075,0.787474403,-0.933156303,0.097372795,-0.734431372,2.281290377,-0.280873181,-0.064307867
AT1G51070,-0.887816059,-0.447355045,-0.164109276,0.716318493,-0.224143666,1.981646648,-1.401423201,0.682134501,-0.255252396
AT1G51140,1.853758876,-0.085417917,1.23069695,-0.184949926,-0.945641896,-0.057911812,-1.227327122,0.17394493,-0.757152082
AT1G51270,0.131244341,-0.335501322,-0.723026882,-0.291340268,-0.028199098,-0.637889914,2.549774508,-0.589789966,-0.075271399
AT1G51640,1.426447174,0.135359106,-1.776894718,0.598404178,-0.199043575,-1.357411498,0.567406599,0.1547223,0.451010434
AT1G51800,-0.731206643,-0.132171777,-0.978282644,2.131644352,-0.663458391,1.143095686,-0.214616592,-0.278749432,-0.276254559
AT1G51820,-0.852075032,-0.174061632,-0.953508347,2.151059041,0.091364802,0.04481093,0.840004274,-0.981834247,-0.165759788
AT1G51830,1.54349474,-0.601871376,-1.926398197,0.347363511,0.744471242,-0.600886855,0.220125856,-0.322763122,0.5964642
AT1G51840,1.040449365,0.052992098,-2.313979499,0.541233459,0.275839508,-0.534559517,0.260216355,-0.212438028,0.890246258
AT1G52200,-0.958311925,-0.747020543,-1.302061039,1.21305972,-0.422359435,1.156418568,1.278309198,-0.411660956,0.193626412
AT1G52890,-0.681980541,-0.601143504,0.185621026,-0.774524626,0.404247046,0.099340598,2.390718358,-0.763963678,-0.25831468
AT1G53170,-0.371755955,-0.780402514,1.093148612,-1.16463982,-0.009474812,-0.952878343,1.939831942,0.129966677,0.116204212
AT1G54120,0.464577297,-1.644842656,-0.913383374,-0.900875312,0.123037309,1.214695655,0.071651775,1.375975196,0.209164111
AT1G55110,-0.786363139,-0.79307725,0.545213623,-1.027751223,0.142241141,0.064348216,2.294811081,-0.297344461,-0.142077989
AT1G56510,-1.474332112,-0.582221142,-0.852151356,0.372222938,0.412577346,1.940943629,0.343635409,0.446054039,-0.606728752
AT1G56650,-1.10516399,-0.87431317,-0.998775894,-0.214913157,0.446963728,2.114378962,0.458724929,0.279762899,-0.106664307
AT1G57560,1.52812322,-0.381952651,-0.992619421,0.415338793,0.175132251,0.310668854,-1.953414423,0.364846108,0.533877269
AT1G58100,-0.329932879,-0.674870557,-0.92768725,-1.025431162,1.263401186,-0.630839917,1.845514476,0.175154449,0.304691654
AT1G58460,-0.779656593,-0.270863587,-0.872819916,1.436378007,-0.594365743,1.515290248,-0.919811373,0.906369801,-0.420520844
AT1G59640,0.227295725,0.701563733,1.52739593,1.070536122,-0.915760675,0.106427298,-1.491527207,-0.338094623,-0.887836303
AT1G60270,-0.800848829,-0.421486667,-0.804963424,1.472139006,-0.296808692,1.958019006,-0.302702575,-0.28005107,-0.523296756
AT1G61840,-0.386619894,1.111623618,0.045666005,2.168657526,-0.708617942,-0.608722797,-0.865189211,-0.346376323,-0.410420982
AT1G61890,-0.615492528,1.080443187,0.22454804,2.102746146,-0.665285198,0.009555228,-0.6339274,-0.686470559,-0.816116915
AT1G62030,-1.285895243,1.284828266,0.775173335,1.341003943,-0.704854537,0.215370637,0.023440034,-0.381227141,-1.267839295
AT1G62975,-0.65140928,0.107303385,-0.342072396,1.650055294,-0.726661022,1.762988255,-0.636053482,-0.526827811,-0.637322944
AT1G63100,2.043648955,-0.475933237,0.187402463,-0.877149536,-0.30905471,-0.099472215,-1.418413594,0.139153979,0.809817894
AT1G63600,1.969761063,0.679964478,0.78103202,-0.122250164,-1.103339203,-0.423218097,-1.145121408,-0.071246221,-0.565582468
AT1G63650,-0.359451601,-1.084511707,-0.177834722,-0.500958749,-0.058741214,1.919786529,-1.108594358,1.21201282,0.158293003
AT1G64000,1.869556151,0.283256715,-0.709878485,0.78695191,-0.938093937,-0.00111889,-0.439483804,0.54029213,-1.391481791
AT1G64405,0.709930342,-0.097830372,-1.310874181,2.11389214,-0.479098823,0.304900184,-0.880123535,-0.442402648,0.081606893
AT1G64500,-0.876523884,0.229658256,-0.250326649,2.280421408,-0.558547295,0.802302056,-0.496491769,-0.371850393,-0.75864173
AT1G64530,-0.56750976,1.033148792,-0.55014505,1.997325476,-0.813701693,0.355831601,-1.224522106,-0.07140558,-0.15902168
AT1G64780,-1.118469553,-0.952845294,-1.123646328,1.066615063,0.231417129,1.823555159,-0.114144485,0.218949234,-0.031430925
AT1G65390,-0.894387528,0.854022927,-0.446173037,2.318785747,-0.507182302,0.009814124,-0.565506818,-0.280325612,-0.4890475
AT1G65620,-0.540082378,-0.63152267,0.317831232,0.295887896,-0.755112383,2.247061582,-0.701469502,0.584536168,-0.817129943
AT1G66100,-0.708103372,-0.68995946,-0.705001767,-0.356372134,0.221079472,0.475380338,2.421218156,-0.179594281,-0.478646951
AT1G66160,-0.613885009,1.853111576,1.50524338,0.115024943,-0.714891266,-0.788357238,-0.13238397,-0.686471581,-0.537390834
AT1G66230,1.592777372,-0.285956765,-0.231320344,1.26454688,-0.697669819,0.728437805,-1.128613888,-0.044023945,-1.198177296
AT1G66330,-0.724876981,-0.008059367,-0.535539848,2.220181588,-0.349624951,1.074424337,-0.41000896,-0.556629525,-0.709866295
AT1G66600,-1.544478393,-0.254897867,-0.457438059,0.146103184,0.033743167,-0.402358527,2.136186452,0.688204207,-0.345064165
AT1G66725,-0.641846124,0.3504572,-0.511637364,2.447868861,-0.504681146,0.399072755,-0.464415138,-0.492038722,-0.582780322
AT1G66760,-1.446221327,-0.346099674,-0.633310254,0.66857774,0.100009355,0.644984341,2.004545515,-0.452325329,-0.540160367
AT1G66810,1.11796633,-0.095108523,1.335102812,-0.349249412,-0.50001544,-0.189987021,-2.051922642,0.555462234,0.177751662
AT1G66920,-1.212664007,0.056261304,-0.640775781,1.493779103,-0.625106714,1.779454039,-0.114036439,-0.51435364,-0.222557865
AT1G67070,-1.141886681,-0.469987331,-0.923580622,1.603782918,-0.198742317,1.289436515,0.865786923,-0.321045463,-0.703763941
AT1G67265,1.70999927,-1.175407145,-0.545882687,-1.229676263,0.886929264,-0.725196923,0.141355809,0.232417507,0.705461168
AT1G68520,-0.871682315,-1.042472517,-0.831006028,-0.759271978,0.735433357,1.539527838,1.391215868,0.034855288,-0.196599512
AT1G68640,-1.02664141,-1.023966759,-0.723324792,-0.238175425,1.687702228,-0.290145087,1.369300779,-0.367268482,0.612518947
AT1G68670,-0.412052941,-1.063082007,-0.074247045,-1.390749492,0.565424819,0.28853447,2.079147212,-0.127897316,0.1349223
AT1G68840,-1.696317534,0.178779253,1.122922382,-0.528548735,-0.000896497,-0.696167622,1.734196922,-0.217674571,0.103706404
AT1G68880,-0.385115699,-0.192458007,-1.076777246,2.53938328,-0.352477234,-0.190270439,-0.140158971,-0.156804039,-0.045321645
AT1G69010,1.092790819,-1.135633236,1.575964764,-1.392180647,-0.180087184,-0.250640855,0.900232843,-0.339279207,-0.271167296
AT1G69490,-0.854335207,-0.354228335,0.215483253,-0.230741164,0.104500269,-0.428448059,2.517273434,-0.632799972,-0.33670422
AT1G69570,-1.220365083,1.054269062,-1.385551272,1.274421511,-0.939228983,0.250595372,-0.304580183,0.562429935,0.70800964
AT1G69600,2.30128152,-0.715564693,-0.383429287,-0.442046372,-0.351160128,-1.216062752,0.342988345,0.126546353,0.337447014
AT1G69780,0.760508677,0.67171619,0.560473795,0.294040217,-1.042946074,0.295580596,-1.979370183,1.050668025,-0.610671243
AT1G69810,-0.04995891,0.494845371,-0.791567371,2.469659238,-0.459212719,-0.365426218,-0.706923683,-0.358143855,-0.233271854
AT1G69890,-1.211317639,0.343463055,0.102813415,-0.191755908,0.365443685,-1.075249408,2.015781808,-0.865006812,0.515827804
AT1G69930,-1.649903843,0.755859769,-0.366075401,-0.090669244,-0.113287279,-0.866782574,1.83737608,0.635586861,-0.142104369
AT1G70000,-0.304115818,0.343018558,-0.264488219,2.259267682,-0.795929224,0.722494074,-0.843438119,-0.308317097,-0.808491838
AT1G70260,1.485440747,-0.158662845,-1.083343268,0.333179586,0.073627067,-0.693306187,-1.392510474,0.000838437,1.434736937
AT1G70700,-1.100002732,-0.878276468,-1.06460557,-0.347069976,0.984237966,0.232578156,1.925235762,0.075452861,0.172450002
AT1G70920,-0.203384993,-0.989095801,-0.849754889,-0.509199463,0.489541529,-0.747214688,2.24537925,0.295143769,0.268585286
AT1G71030,-0.873605457,-0.447053094,-0.67949455,-0.566045397,0.608484115,-0.764706572,1.799170068,-0.442973558,1.366224445
AT1G71200,0.745056507,0.171914046,1.197086631,0.609080034,-1.138012839,-0.264759848,-1.827385301,0.87732863,-0.37030786
AT1G71692,1.56798325,0.496173732,-0.416260948,1.382909261,-0.469550711,-1.435780198,0.181389122,-0.510711433,-0.796152076
AT1G72010,-1.056365303,-0.787815626,-0.299586701,-0.971899873,0.639677651,0.101916309,2.169997004,-0.097726948,0.301803488
AT1G72220,1.081194398,-0.697203683,-1.504582583,-1.078534586,-0.146638442,-0.27537332,0.400424147,0.798538327,1.422175742
AT1G72360,-0.640471342,0.028375713,-0.493091351,2.508591014,-0.482664969,0.444684707,-0.453574793,-0.437910746,-0.473938232
AT1G72416,-0.569917235,0.457029,-0.471948935,2.538203923,-0.41945137,-0.22537356,-0.478939397,-0.393966656,-0.435635769
AT1G72450,-1.644848122,1.568340396,-0.458098014,-0.43102252,0.524945006,-0.535924135,1.336718836,-0.291207744,-0.068903703
AT1G72490,2.216175011,-0.559757205,-0.573719901,0.404920456,-0.031076969,-1.251421782,0.614618838,-0.435955264,-0.383783183
AT1G72500,-0.349168924,0.26754243,-0.553425995,2.159880236,-0.732361647,0.947437443,-1.035727123,-0.151482917,-0.552693503
AT1G72610,-1.188580653,-0.608316434,-0.970835886,0.088692245,0.523259314,2.068179153,-0.38941477,0.712985443,-0.235968413
AT1G72650,-0.459908594,-1.218021985,-0.082879328,-1.057857427,0.70964293,-0.167088155,2.079568686,-0.291306685,0.487850559
AT1G72790,-1.168125634,2.283544197,0.149593204,0.481832486,-0.006128042,-0.909904781,-0.533319345,-0.218471127,-0.079020957
AT1G72940,-1.395520025,1.453414945,1.466944226,0.600770085,-0.574630648,0.196671415,-0.582552793,-0.440623851,-0.724473354
AT1G73360,-0.945127682,-0.332963356,-0.761247318,0.434130207,0.125761076,2.408699992,-0.567610343,-0.074339186,-0.28730339
AT1G73410,1.521818386,0.460810402,-0.84851183,0.840239647,-0.156037106,-1.442490025,-1.246834953,0.493381315,0.377624165
AT1G73480,-0.740324908,-0.198403907,-0.334419029,2.042028675,-1.026923384,1.112912099,0.333496714,-0.695092755,-0.493273506
AT1G73500,-1.618054638,-0.121307376,0.294917945,-0.503985383,0.800931705,-0.629967329,1.986389527,-0.205178041,-0.003746409
AT1G73540,-0.398887866,-0.101398768,2.613849201,-0.370793744,-0.363181593,0.028346293,-0.608125912,-0.261081077,-0.538726534
AT1G73830,1.942837521,-0.047624327,0.906045084,-1.487004486,0.307264245,-0.467919523,-0.857475313,0.073913479,-0.370036681
AT1G74430,-1.696103829,-0.782978709,-0.969364091,-0.142525393,0.879727752,0.752941918,1.431323065,0.159052667,0.36792662
AT1G74440,-1.387312324,-0.45863135,-1.175003316,1.246635935,0.16794383,1.664721239,-0.068119108,0.255978175,-0.246213082
AT1G74450,-0.407289788,1.999354581,1.32870092,0.202470519,-0.583959224,-0.647429304,-0.849029021,-0.573835866,-0.468982816
AT1G74500,1.496942264,-0.325111511,0.627171771,-0.082830913,-0.931960991,-0.264832836,-1.416015676,1.42491843,-0.528280539
AT1G74840,1.038926344,-0.881012848,-1.788342381,0.705069054,0.466519543,-0.733871477,1.191083292,-0.369502525,0.371130998
AT1G74930,-0.506328571,-0.309103576,2.657644687,-0.334040287,-0.28110989,-0.300815322,-0.203581792,-0.33537635,-0.387288899
AT1G74950,-1.829450391,0.283038023,-0.67058191,-0.368711959,1.139441636,-0.016912929,1.633595997,-0.138132482,-0.032285983
AT1G75100,-0.828319349,-0.181699785,-0.631028926,1.376521328,-0.47226653,1.926652927,0.194398018,-0.523366673,-0.86089101
AT1G75450,-0.000792238,-1.347573338,-0.45587578,-1.065462397,-0.088067425,0.857390823,1.993785473,0.295450269,-0.188855387
AT1G75460,-1.097666457,-0.721947643,-0.866830263,-0.123559165,0.525356111,2.251886609,0.081126283,0.251964822,-0.300330297
AT1G75490,-0.858402941,-0.375791976,-0.691676489,-0.324115306,0.303407967,0.1609253,2.484470274,-0.39264795,-0.30616888
AT1G75710,0.542491649,0.186781184,1.522775697,0.317435065,-1.07129339,0.602886618,-1.929820414,-0.06121771,-0.1100387
AT1G76600,-0.780892942,0.486414887,1.39061361,-0.689680669,-0.121248229,-0.926284221,1.781877244,-0.721461212,-0.419338467
AT1G76640,-1.387044258,-0.76552606,-1.150614549,-0.287595907,1.307106478,0.161026613,1.454255102,0.260835219,0.407557362
AT1G76650,-1.450123047,1.965130705,0.548454234,0.880822659,-0.154028331,-0.29845185,-0.304131025,-0.438633656,-0.74903969
AT1G76890,0.562135766,0.929564676,0.090061022,1.758675933,-0.534346341,-0.035835827,-1.656421927,-0.372519341,-0.741313961
AT1G77200,0.91933053,-0.644714553,0.836383892,-1.400751649,-0.696949514,0.296093959,-1.25814442,1.080151541,0.868600215
AT1G77530,-0.903081512,0.722934088,-0.496379124,1.697265129,-0.178029533,-0.081920684,1.219177664,-1.147743126,-0.832222902
AT1G77640,-0.293084788,0.8107129,2.389872746,-0.58851925,-0.285104521,-0.749151834,-0.428076863,-0.484507637,-0.372140754
AT1G77920,1.246882327,-0.211303113,-0.538714244,1.54723911,-0.133040834,0.057257598,-1.921028315,-0.068519319,0.021226791
AT1G78080,-0.229105053,-0.791486451,-0.314136672,-1.115205288,0.657657747,-0.746969233,2.101724394,-0.268713361,0.706233917
AT1G78440,-0.458100743,0.37033678,-0.421462938,2.547344122,-0.497473842,-0.055063381,-0.506894099,-0.493491626,-0.485194273
AT1G78450,-0.512439435,0.647746309,-0.209004563,1.643156555,-0.712430401,1.468201692,-1.02415595,-0.561884888,-0.73918932
AT1G78510,-0.629375339,0.287235717,-0.047931926,2.255395898,-0.803726484,0.71846242,-0.504423091,-0.319980661,-0.955656535
AT1G78600,-0.896973024,1.072097212,-1.007396984,1.119040561,1.040808676,-0.870262418,-0.885249178,-0.515099212,0.943034369
AT1G78700,1.813028562,0.459085186,0.894415197,-1.140596021,-1.117530987,-0.568229675,-0.713163494,0.540971656,-0.167980426
AT1G78820,-0.564317824,0.746842022,-0.177260748,2.253658708,-0.680996129,0.363910742,-0.952636146,-0.39357526,-0.595625364
AT1G79310,-1.375877433,-0.008428145,-0.718414465,-0.246504263,1.489429619,-0.624576115,1.528059237,-0.562950156,0.519261721
AT1G79430,-0.608250078,-1.440950616,-0.595558458,-0.778613372,0.881403574,-0.090683896,1.720447168,0.920683627,-0.008477949
AT1G79700,-0.156074241,-0.252929605,0.719880727,-0.927449093,0.505264456,-1.050069284,2.127595428,-0.784678755,-0.181539634
AT1G80130,-0.779555012,0.105067025,0.851081961,2.01519224,-1.205819672,0.491368159,-0.160179353,-0.597896733,-0.719258615
AT1G80340,-0.498970989,0.322619381,-0.224086077,2.339449622,-0.630491914,0.636141033,-0.817583064,-0.468893215,-0.658184778
AT1G80760,-0.233884538,0.43438221,0.473648406,2.311370726,-0.524292457,-0.357589032,-1.146138923,-0.565483645,-0.392012748
AT1G80840,-0.663623101,1.125630846,2.242945745,-0.43883897,-0.398793869,-0.513055257,-0.297531112,-0.533038309,-0.523695972
AT2G01300,-1.144283021,0.536468746,2.229340758,0.255964425,-0.153273479,-0.832329808,0.205427729,-0.607065475,-0.490249876
AT2G01430,-0.501445895,-0.496649867,-0.782447534,-0.105933483,-0.031871705,-0.452380193,2.495206908,-0.530734741,0.40625651
AT2G01930,-0.823449863,-0.842323079,0.514897233,-0.949987236,-0.431345328,1.407881654,1.74398152,-0.162891981,-0.45676292
AT2G02060,-0.260955131,-0.799613422,0.745605026,-1.333388887,-0.397771815,-0.153529687,2.178113933,-0.116630842,0.138170825
AT2G02070,-0.760332737,-0.703753476,0.594843581,-1.284552568,-0.421593324,1.885723369,-0.492960598,0.94252894,0.240096814
AT2G02080,-0.670434764,-0.527075979,1.663765909,-1.55197208,-0.534077293,0.430021342,1.255173851,0.122568385,-0.187969371
AT2G02630,-0.484100545,2.160342937,-0.297049637,1.257029034,-0.392564585,-0.614630483,-0.627006593,-0.461213336,-0.540806792
AT2G02680,-0.358202191,1.063241999,-0.312556959,2.266778776,-0.517252116,-0.43331725,-0.791233626,-0.497461437,-0.419997196
AT2G02700,-0.807781362,1.355503188,-0.232174303,2.054950006,-0.452628209,-0.657038771,-0.604240635,-0.418133142,-0.238456772
AT2G02950,-0.647913516,1.442636855,-0.012940444,1.86194767,-0.728070771,0.173354309,-0.762792054,-0.590421774,-0.735800277
AT2G03710,-1.553007108,-0.913890598,0.116982586,-0.447620122,0.536855084,-0.124397437,1.690393394,1.101170064,-0.406485862
AT2G04038,0.386995461,-0.737061117,-1.034034116,-0.441187235,0.486244031,-0.836005848,2.252912629,-0.159590423,0.081726618
AT2G05070,-0.694165977,-0.595621391,-0.659184896,-0.372288422,-0.199744652,2.424730673,0.534537651,0.161171592,-0.599434578
AT2G05100,-0.741028905,-0.59401553,-0.665952242,-0.205671199,-0.293460291,2.386462371,0.655650397,0.085487708,-0.627472309
AT2G06200,0.557354933,0.173444214,0.198661761,0.200924746,-0.844695604,1.486063224,-1.994746978,0.683188273,-0.460194568
AT2G12190,-1.571914898,-0.606723574,1.290173185,-0.789816852,-0.165206147,1.544083104,0.071026646,0.57787218,-0.349493645
AT2G14210,-0.191106701,-0.870697346,-1.100717958,-0.146740566,0.503888654,-0.479698139,2.342344571,-0.025529631,-0.031742885
AT2G14760,2.148409328,-0.089481478,0.424319864,0.131291833,-1.030019336,-0.618262752,-1.13320374,0.551324944,-0.384378665
AT2G15760,-0.625402335,1.911286943,0.700897275,0.220723025,-0.406259943,-1.253252771,0.833059189,-0.562952629,-0.818098754
AT2G16365,-0.856950298,1.580734104,-0.334181057,1.817038556,-0.182155282,-0.38109149,-0.704476358,-0.814515536,-0.12440264
AT2G16660,-1.273961147,-0.117725144,-0.848067278,1.942797213,-0.564595385,1.070369065,0.431425364,-0.403618617,-0.236624072
AT2G16720,1.64295938,-1.104655879,-1.674312408,0.511076443,0.580895688,-0.572150414,0.171238658,-0.111285019,0.556233551
AT2G18210,-1.35787871,0.611063802,0.629167104,-0.94084893,1.032558551,-0.913934434,1.512955954,-0.557666362,-0.015416973
AT2G18300,0.952461973,-1.689503772,-0.225437044,-1.31640738,0.503126543,0.883090751,-0.303135256,1.152335383,0.043468803
AT2G19650,-0.888293134,0.168403181,-0.56678769,2.238416636,-0.659614875,0.818064576,-0.65495414,0.099424575,-0.55465913
AT2G19810,-0.241615424,-0.474308307,0.506093338,-1.09723835,0.451994079,-0.834090945,2.242089472,-0.573747317,0.020823454
AT2G20142,-0.490620774,1.920886669,1.397856765,0.154964227,-0.424676753,-0.974289315,-0.383348274,-0.817175281,-0.383597264
AT2G20180,-0.601623009,-0.911931079,0.108425846,-0.381539729,-0.416920963,2.233696307,-0.653011301,0.969271104,-0.346367177
AT2G20570,-1.071544691,-0.919439409,-0.915734195,-0.645516229,0.036287959,1.284056211,1.461409981,0.963386589,-0.192906216
AT2G20880,1.296235166,0.026353019,-2.196809214,0.637839062,-0.155222142,-0.590877649,-0.181173464,0.621637461,0.542017761
AT2G21320,-0.627861605,-0.023892166,-0.394003634,2.166558437,-0.735339301,1.170612575,-0.528225783,-0.376650473,-0.65119805
AT2G21910,1.542304199,0.618348196,1.354996565,-0.867155744,-0.336650566,-1.45659515,-0.62168854,-0.083659067,-0.149899895
AT2G21970,-0.337577724,0.533104379,-0.114407026,2.365631362,-0.732565809,0.294907876,-0.794548892,-0.612285197,-0.602258969
AT2G22200,-1.032601142,-0.971662922,-0.800076154,-0.989712011,1.07102267,0.674532398,1.517194524,0.668671382,-0.137368745
AT2G22300,-1.343884819,0.278910953,-1.147688634,-0.284020689,1.42675945,-0.590834965,1.493794504,-0.126561102,0.293525302
AT2G22500,-0.226311986,1.38998848,1.838184456,0.360814231,-0.746086812,-0.502133933,-1.050457092,-0.410927174,-0.653070169
AT2G22760,-1.316639505,0.526343911,1.903012424,-0.650468835,0.710027232,-0.526153441,0.608481097,-0.684820807,-0.569782076
AT2G22770,-1.113357151,-0.81227642,-1.429683996,0.319596996,0.807457145,1.626281768,0.76688698,0.084897797,-0.249803119
AT2G22800,0.505463023,-0.899979327,-1.858181291,1.240362715,0.302637388,-0.835729686,0.863831121,0.636333705,0.045262353
AT2G22840,-0.035668716,-0.088208445,1.043193385,0.152433435,-0.816700992,0.124556659,-1.971865908,1.517601605,0.074658977
AT2G22850,-0.659427654,-0.11291024,-0.225005556,-1.101745838,0.815322375,-0.372757653,2.289702337,-0.173336704,-0.459841066
AT2G22880,-1.496078334,1.232803121,0.905878883,1.325021693,-0.846131095,0.285570182,-0.212895962,-0.831407746,-0.362760741
AT2G23000,-0.797525432,-0.64235757,-0.693017983,0.276879446,-0.449823129,2.290367251,-0.37978092,0.799261393,-0.404003058
AT2G23030,1.798288105,-0.389251061,-0.323498042,-0.709265455,0.516320059,-1.488430504,-0.345476936,-0.223076852,1.164390686
AT2G23130,-0.634555355,1.163378861,-0.452541091,2.085348115,-0.744616716,0.118159398,-0.771181332,-0.038891884,-0.725099997
AT2G23320,-0.454640911,0.049767846,0.35088075,-0.442825657,-0.186933265,-0.899791474,2.488131066,-0.335872633,-0.56871572
AT2G23760,-0.751519844,-0.849520276,-0.397532152,-0.391429668,0.295341459,-0.192146161,2.498076029,-0.19348764,-0.017781747
AT2G24540,-0.863903272,0.916917673,-0.116692752,2.092695408,-0.702488988,0.553276924,-0.581633631,-0.508704785,-0.789466578
AT2G24600,-1.045973805,2.09637267,0.476629158,0.911286523,-0.450758084,-0.878559005,-0.16262891,-0.427150075,-0.519218471
AT2G24790,-0.96929172,-0.956167893,0.557584376,-0.98298989,-0.324163351,1.287806349,1.728240252,0.003500915,-0.344519038
AT2G24850,-1.556061276,0.906159355,-0.928792151,1.139632659,1.204998316,-0.396715405,0.639356632,-0.318096699,-0.690481432
AT2G25460,-0.602950192,1.680575428,1.809422724,-0.205943737,-0.580278283,-0.575224487,-0.322120117,-0.610189031,-0.593292304
AT2G25530,-0.242799799,0.133242,-0.290856466,2.311986073,-0.654028598,0.796903974,-0.787373272,-0.570633957,-0.696439954
AT2G25735,-0.772646702,1.223219113,2.085687705,-0.31412473,-0.538812467,-0.682820769,0.161532544,-0.590137994,-0.571896701
AT2G25900,-0.227322083,-0.502000367,-0.184622021,-1.120392422,0.409446673,-0.652263387,2.383412434,-0.305677851,0.199419025
AT2G26150,-0.25965096,-0.303551734,-0.234037221,-0.126948363,-0.335025695,2.638009187,-0.537406626,-0.254200344,-0.587188244
AT2G26530,-1.059767695,0.722695866,1.729329727,-0.358022661,-0.265620358,-0.754735316,1.310675035,-0.67916702,-0.645387579
AT2G26580,-0.932946132,-1.214439761,-0.492882106,-1.208948993,1.260833444,0.189310672,1.118835549,0.99608274,0.284154587
AT2G26740,-1.110897646,-0.554042062,-0.296921208,-0.248067785,0.249122357,-0.157037873,2.469379876,-0.353102981,0.001567322
AT2G27080,-0.462684518,1.931040269,1.419226175,0.207566067,-0.587925905,-0.863076618,-0.498109153,-0.619652056,-0.526384261
AT2G27420,-0.340783151,0.041449962,-0.452928529,2.035349184,-0.616069273,0.97767162,-1.441205288,0.123201494,-0.32668602
AT2G27660,-0.950353574,0.327318255,-0.656479602,2.389010762,-0.777405271,0.284647627,-0.085953843,-0.359508198,-0.171276157
AT2G27690,-0.684700292,2.295477798,0.019741032,0.944496267,-0.412144432,-0.669433453,-0.426125012,-0.520613336,-0.546698572
AT2G28450,0.971378991,-0.548667801,0.164224803,-0.936572648,0.260498351,-1.613663913,1.740714989,-0.291601223,0.25368845
AT2G28510,-1.411455079,0.475721759,-1.282232785,0.590862172,1.333047779,-0.46551687,1.273637109,-0.115187794,-0.398876292
AT2G28550,-0.570476369,0.084044254,-0.641403518,2.519008669,-0.422190348,0.317478536,-0.199646095,-0.51880382,-0.56801131
AT2G28710,-0.667940313,0.341796886,-1.390414467,2.290038617,-0.183695054,0.145928228,-0.35508692,-0.266470628,0.085843651
AT2G28810,-0.775034031,-1.346435987,-1.128637036,-0.401944148,1.127506895,-0.012738504,1.376163501,0.97533342,0.18578589
AT2G28850,-0.740949806,-0.679962756,-0.703635692,0.456182837,-0.592734076,2.217885804,-0.365926412,0.836031449,-0.426891347
AT2G29360,-1.691647523,-0.513028443,-0.516787199,0.0926449,0.014411275,1.772600203,0.413089859,0.987215789,-0.55849886
AT2G29380,1.802215035,-0.725967232,1.236169821,0.281264406,-1.035781642,-0.595529799,-1.048488515,0.25190267,-0.165784744
AT2G29440,-1.141620609,0.070463985,-0.710331103,2.292930751,0.397059738,0.110172991,-0.751711686,0.148595633,-0.415559699
AT2G29450,-1.096951134,-0.546698722,-0.756586676,1.097957387,-0.163034742,2.020547435,0.295618747,-0.141412613,-0.709439681
AT2G29650,-0.885074089,-0.346091306,-0.489461281,0.379985474,-0.718318799,2.3483298,0.175559331,0.288768582,-0.753697712
AT2G30020,-0.601064132,0.396144958,2.554204594,-0.286127281,-0.281666134,-0.492668926,-0.430068531,-0.439722403,-0.419032146
AT2G30040,-0.916619564,1.259417649,0.004468054,2.088101453,-0.477888185,-0.352463258,-0.516924712,-0.514908055,-0.573183383
AT2G30520,-0.757702416,0.225253595,-0.617095647,2.058187345,-0.510927633,1.250664419,-0.509837972,-0.45763797,-0.680903721
AT2G31070,-1.3018534,-0.665520147,-0.551354455,0.083194006,-0.046084398,2.113635509,0.467760449,0.605088785,-0.704866349
AT2G31180,-0.273645745,0.170049389,-1.1355317,-0.912911717,1.477577589,-0.367956906,1.74009799,-0.651671427,-0.046007472
AT2G31280,-0.841663906,-0.86773333,-0.169266267,-0.981487579,0.303934267,1.754528862,1.457052525,-0.18953234,-0.465832232
AT2G31380,-0.838225207,-0.21763343,-0.692511951,1.906196821,-0.480714473,1.487728739,-0.069051802,-0.338983752,-0.756804946
AT2G31540,2.08289622,-0.149922986,0.401119191,-0.92989254,-0.637103512,-0.497807919,-0.955013511,0.980277562,-0.294552505
AT2G31560,-1.405867248,0.281853813,-0.268887588,1.711447309,-0.54463794,1.308908552,-0.231699616,0.082863512,-0.933980795
AT2G31730,-0.696395199,0.519794376,-0.951158335,2.391198003,-0.379074504,-0.021912537,-0.08234152,-0.67908254,-0.101027744
AT2G32140,-0.534594048,1.047559274,2.282823176,-0.224211986,-0.546144713,-0.491805741,-0.633714513,-0.384325026,-0.515586423
AT2G32530,-0.760072488,-0.447456393,-0.602676135,0.383331971,-0.332924007,2.523996708,-0.273588777,-0.112428519,-0.37818236
AT2G32930,0.724376278,0.982311777,0.202955125,1.428358712,-0.788810548,0.551885091,-1.468708702,-0.736413902,-0.895953831
AT2G33380,-1.194776957,-0.752784363,-0.586492054,1.764228369,-0.533575072,1.443665064,0.278752133,-0.122942238,-0.296074883
AT2G33480,-0.263563086,-1.336934214,-0.489859512,-0.501495209,0.923234042,-0.127376668,2.150224476,-0.397218328,0.042988499
AT2G33580,-0.165730393,0.776239904,2.387124857,-0.225307012,-0.438151083,-0.795092883,-0.570973366,-0.516292866,-0.451817159
AT2G34140,-0.818012537,-0.050093298,-0.917056162,-0.331413008,0.3289565,-1.206572728,1.993375131,0.912189905,0.088626197
AT2G34390,-0.67303599,-0.618750542,-0.669212696,0.670480137,-0.513885866,2.400934277,-0.266362734,0.072364487,-0.402531074
AT2G34420,-1.046371161,-0.877330141,-0.915982378,-0.580780943,-0.001203587,1.230318821,1.713907253,0.682528221,-0.205086086
AT2G34430,-0.859009209,-0.838219078,-0.854523433,-0.840352835,1.023984086,0.097918806,1.978921106,0.376298409,-0.085017852
AT2G34600,-1.234194507,1.081892768,1.750452009,-0.630782789,0.145368743,-0.913715831,0.737619439,-0.415572499,-0.521067333
AT2G34710,-1.012396151,-0.007692535,0.533506447,-0.338521821,-1.284306,2.005944868,-0.193257632,0.789119268,-0.492396445
AT2G34720,-0.547575239,0.320597851,0.203659861,1.696286717,-1.091836429,0.564037056,0.961446539,-1.165049261,-0.941567095
AT2G34830,1.237598771,1.539883636,-0.180084841,0.676991018,-1.17545639,-1.177453008,-0.878222632,0.160108366,-0.203364921
AT2G34930,-1.836890956,0.551173914,-0.947556107,0.937751997,1.300023611,-0.788326283,0.393532213,0.16163121,0.2286604
AT2G35075,-1.191628283,0.348148333,0.94784356,-0.736554669,-0.973722867,1.374077969,-0.149463377,1.212078617,-0.830779284
AT2G35270,-0.713946461,1.172787659,-0.136648494,2.141953586,-0.626187179,-0.743408385,-0.035239999,-0.505846695,-0.553464033
AT2G35290,-0.78280345,2.087847433,0.985798243,0.576931649,-0.646074273,-0.519947087,-0.653360784,-0.352056842,-0.696334889
AT2G35550,-0.675189098,-0.961179964,-0.245926613,-0.966468346,0.93637279,-0.422323447,1.953097507,-0.393637733,0.775254903
AT2G35660,-1.613796611,0.192148405,-0.395372994,1.346007867,-0.13523341,1.363907494,0.221664313,0.211578125,-1.19090319
AT2G35710,-0.557512755,1.914413873,0.163939204,1.461675561,-0.692340434,-0.462642769,-0.796713886,-0.541935093,-0.488883701
AT2G35930,-0.874434715,1.448430556,1.718875058,0.584277848,-0.806374174,-0.496708288,-0.243466731,-0.66835943,-0.662240123
AT2G35940,-1.026288079,-0.40304864,-1.190433947,1.70679231,0.590422389,-0.034403007,1.127152025,-0.903343126,0.133150076
AT2G35990,2.274662463,0.364904103,0.395339091,0.244750132,-0.960611441,-0.240839766,-0.843314441,-0.512264646,-0.722625494
AT2G36080,-1.078993447,1.163750618,-0.376936977,2.034999419,-0.538103834,0.286012898,-0.299256889,-0.478609445,-0.712862343
AT2G36090,-0.322204477,0.696942889,-0.764491817,2.393242384,-0.378147874,-0.171446231,-0.734232691,-0.612767782,-0.106894401
AT2G36400,-0.731752798,-1.094555409,-0.269466769,-1.462990057,0.072009222,1.333107431,0.76045924,1.297588354,0.095600787
AT2G36590,-1.182244295,-0.978987991,-1.098121651,-0.61683995,1.194737458,1.027962934,1.19834871,0.097582293,0.357562492
AT2G36630,-0.803176263,-0.152791787,-0.16809675,1.106530997,-0.832778622,1.959736042,-0.540895711,0.454190327,-1.022718233
AT2G36650,-0.974744521,0.844342077,2.169643729,-0.267315751,-0.373644857,-0.262638231,0.115584885,-0.099584269,-1.151643061
AT2G36790,-0.942167893,0.156606025,0.973425845,1.606687529,-0.630155782,0.968792293,-0.156924191,-0.637630736,-1.33863309
AT2G36800,-1.009769242,0.827370507,0.127322421,1.888386013,-0.482104046,0.86806346,-0.652144196,-0.590662737,-0.976462178
AT2G36870,-0.395405889,0.06880782,-0.471312384,2.193616985,-0.62847333,0.98148462,-0.967196246,-0.070072873,-0.711448703
AT2G37060,1.968774841,0.460998145,-1.104092788,0.941514843,0.169665186,-0.759113641,-0.967751653,-0.276557055,-0.433437878
AT2G37360,2.189776909,0.311670453,-1.171634175,0.694056041,-0.454105956,-0.865638336,-0.105912854,-0.531064937,-0.067147146
AT2G37430,-0.921405183,2.044761581,0.672572852,0.641763275,-1.035912406,-0.148632043,0.097299021,-0.464011045,-0.886436051
AT2G37970,-0.886414024,-0.06905483,-0.386293046,2.064954116,-0.533689754,1.29145866,-0.290315387,-0.43649606,-0.754149674
AT2G38090,1.440576752,0.293654199,0.098302166,-0.027084547,-0.321461305,0.277876748,-2.234873262,0.756614572,-0.283605324
AT2G38210,-0.763616783,0.564785547,0.02799642,1.961394062,-0.823811333,1.064531748,-0.568686533,-0.58101421,-0.881578918
AT2G38230,-0.852347481,0.011590628,0.116668998,1.482026802,-0.828413322,1.771199771,-0.168661227,-0.628409128,-0.903655039
AT2G38240,-0.906957726,0.161273308,-0.745537524,2.262370281,-0.570035239,0.63247003,0.27857646,-0.388359369,-0.723800221
AT2G38310,-1.708058473,0.665376936,-0.406386021,1.838155358,-0.510965923,0.614972004,-0.573766112,0.289441285,-0.208769056
AT2G38340,-0.917168139,-1.331520313,1.402703813,-0.922819221,0.50724182,-0.091856496,1.466088513,-0.325767995,0.213098018
AT2G38390,0.104964312,-0.432415776,-1.205164918,0.134523219,0.528239902,-0.482642956,2.233896782,-0.910152189,0.028751625
AT2G38470,-0.637166313,0.604693227,2.140336982,-0.633982296,-0.50605675,-0.77113318,0.889993991,-0.621180029,-0.465505632
AT2G39200,-0.700481268,0.579831123,-0.61145531,2.052737312,-0.88493935,0.793586662,0.254112007,-0.80422057,-0.679170606
AT2G39250,-1.304881817,-0.366047189,-1.12832988,1.708839789,-0.014603228,1.289543867,0.294826849,-0.010453554,-0.468894838
AT2G39370,0.580111824,-1.058084224,-1.710414592,-0.068183077,1.372188966,-0.772372473,0.562939803,0.215860259,0.877953512
AT2G39415,-1.06688085,-0.419820708,-0.463643861,1.981843048,0.06547315,0.164473873,-1.117422344,-0.241536489,1.097514179
AT2G39420,-1.151214266,1.074369274,-0.775914936,1.936697805,-0.367944635,0.614981186,-0.416554853,-0.280561313,-0.633858261
AT2G39560,-0.811857825,0.017695778,-0.283975917,2.021611986,-0.522611716,1.254309267,-0.993568416,-0.109358261,-0.572244895
AT2G39650,-0.367864,0.726879611,2.393675394,0.048681143,-0.615791441,-0.402264684,-0.558213814,-0.637188603,-0.587913606
AT2G40080,-0.444501558,0.571278246,-0.39635033,2.308592835,0.276262803,-0.130040518,-0.877834646,-1.021727475,-0.285679359
AT2G40140,-0.873120949,0.54729669,1.86868003,0.065450665,-0.492814477,-0.746434366,1.167285582,-0.990787983,-0.545555192
AT2G40260,1.125470106,1.071638392,-0.060287081,0.821985725,-0.545846292,-1.007997443,-1.86353605,0.146536488,0.312036156
AT2G40330,-0.842949602,-0.139767247,-0.868762317,2.316283648,-0.270397417,0.651050663,-0.690956137,0.208796139,-0.36329773
AT2G40340,-1.180271432,0.840129533,-0.538610306,1.714576652,-0.192471056,0.883751057,-1.335422511,0.064599449,-0.256281386
AT2G40470,0.706334358,1.089180808,0.621079427,1.419921111,-0.692985447,-1.046167338,-1.429933826,-0.521763546,-0.145665547
AT2G40670,-1.311789586,-0.360361084,-0.623882228,0.356157895,1.834324132,1.078454909,0.347116817,-0.898487748,-0.421533107
AT2G40750,-1.127385783,0.771995264,0.004185903,2.298177384,-0.361227854,-0.500581953,-0.487909564,-0.13444937,-0.462804028
AT2G41070,1.044660388,0.24002339,2.04320335,-0.771263031,-0.170380997,-1.257377367,-0.367507949,-0.227995562,-0.533362222
AT2G41100,-1.223767165,1.592387714,0.09108535,1.519882144,-0.941627697,0.107590242,-0.061825027,-0.259847034,-0.823878526
AT2G41240,1.134856587,1.202698725,-1.498765096,0.15227147,-0.069848915,-1.27263435,0.021368318,-0.646370819,0.976424081
AT2G41690,-0.767123632,-0.391652463,-0.646232397,-0.719692183,1.459980845,-0.773520135,1.709062256,-0.511363327,0.640541036
AT2G41710,0.106775344,-0.094400157,1.118392433,-0.643556299,0.292566082,-1.555544281,1.698262696,-0.96115436,0.03865854
AT2G41940,-1.462934625,-1.324017882,-0.197840645,-0.394299528,0.135443636,1.458359047,1.220899325,0.524234824,0.040155848
AT2G42200,-0.285415386,-0.286922683,0.646404291,-0.435117632,-0.485021103,1.882628186,-1.780546075,0.40669411,0.337296292
AT2G42350,-0.920418077,0.373350001,-0.81047145,2.261357445,-0.556264885,0.465025818,-0.075589172,-0.837466388,0.100476708
AT2G42380,1.708899851,-1.106368449,0.606765497,-0.727651316,-0.024687149,0.283717381,-1.577290881,0.558049143,0.278565922
AT2G42430,-0.43160566,-1.302493016,-0.666319435,-0.534105091,0.635226364,-0.074210037,-0.400847282,0.690843838,2.083510318
AT2G42660,0.77463106,0.627038294,-0.012963361,1.436347918,-0.376059389,-0.522134201,-2.088677711,0.358212234,-0.196394844
AT2G42760,-0.511058199,0.579774837,2.415395129,-0.725738747,0.087506231,-0.763383999,-0.199134758,-0.545652105,-0.337708389
AT2G42800,1.477468194,0.236242436,1.547698242,-1.393559701,-0.38932582,-0.445818636,-0.945133158,0.25324859,-0.340820147
AT2G42850,1.060302758,-1.188826983,-0.887065725,1.054942743,-0.316426554,1.000938087,-1.47523966,0.407635731,0.343739604
AT2G43000,-0.4809538,-0.228242378,-0.415450673,-0.120180446,-0.316653279,-0.502775046,2.640874135,-0.422535853,-0.154082661
AT2G43010,-1.154781485,-0.757560123,-0.900538889,-0.291637421,-0.348654709,2.109195734,0.525640947,0.496224532,0.322111415
AT2G43140,-0.883802299,-0.407695456,-0.794911106,2.133082768,-0.383027554,1.190205276,-0.155111934,-0.209235717,-0.489503978
AT2G43910,-0.725657791,-0.391207098,-0.548714446,0.615804072,-0.405378428,2.461717265,-0.439023768,-0.107844594,-0.459695213
AT2G44370,-1.106026626,-0.124671327,-0.772281449,0.86853483,-0.706571541,0.940288878,1.876125239,-0.613113738,-0.362284267
AT2G44570,-0.121432761,0.325643897,2.363526793,-0.469101242,-0.414642967,-1.01359844,-0.91801125,0.114237667,0.133378304
AT2G44840,-0.666273974,0.141690117,2.579684792,-0.581739364,-0.158874817,-0.417865708,-0.075462276,-0.418002763,-0.403156007
AT2G44910,0.299562745,-1.546497684,-0.767764273,-1.44457929,0.136416717,0.75709196,0.998191385,0.896707087,0.670871355
AT2G44940,-1.16194726,-0.495628936,-0.911855757,1.934849029,0.925853293,-0.238909122,-0.748502206,0.111147205,0.584993755
AT2G45050,1.42153472,-0.775662737,0.819126847,-1.999728921,0.190768889,-0.576436222,0.13970238,0.304408033,0.476287012
AT2G45160,-1.30269459,0.082869643,0.428693937,1.774230395,-0.208597766,0.770526221,-0.542070179,0.373284463,-1.376242124
AT2G45190,-1.14457979,-0.978109234,0.034179175,-1.151112323,-0.082453593,1.692935833,0.61764876,1.071932004,-0.060440833
AT2G45480,0.049360957,0.462654633,0.616459117,0.614624274,-0.893287655,0.968252417,-2.276563879,0.19461275,0.263887386
AT2G45680,-0.821999369,1.220434169,0.349448002,1.860795133,-0.808571404,0.2602369,-0.88054383,-0.420558283,-0.75924132
AT2G46270,-0.034296711,0.695196338,0.183064221,2.285194862,-0.616737027,-0.461391334,-0.267995436,-0.942619769,-0.840415145
AT2G46310,-1.289522433,-0.268872418,-0.4474413,0.019289578,0.670221535,-0.222653033,2.265518216,-0.072590391,-0.653949755
AT2G46340,-0.741260249,-0.058492115,-0.743161469,2.134698848,-0.422369799,1.210303959,-0.435472784,-0.30005535,-0.644191041
AT2G46400,-0.926021956,-0.097429475,2.545576787,-0.265292157,-0.039921305,0.051323468,-0.590547965,-0.334104618,-0.343582778
AT2G46410,-1.060539182,0.779371469,-0.414166477,2.083171497,0.141300896,-0.870206076,-0.173607915,0.402150013,-0.887474226
AT2G46420,-0.581896749,0.338303861,-0.457057289,2.212684849,-0.582933299,0.910940241,-0.836272045,-0.315712679,-0.688056891
AT2G46510,-1.584797692,-0.46822731,0.298487498,-1.025243765,1.098855363,0.155885417,1.692492505,0.012776735,-0.180228751
AT2G46530,-0.537712502,-0.797672087,0.444222079,-1.87008708,0.304886259,0.261807561,1.617888099,0.754537671,-0.177870001
AT2G46640,-1.171139127,-0.819871792,-0.690765603,0.112279571,-0.052890592,2.192205534,-0.185338995,0.773664706,-0.158143701
AT2G46650,-1.344735165,-0.813558642,-1.325573802,-0.595573525,0.875539113,0.781020803,1.045119612,0.690491101,0.687270505
AT2G46680,2.366955438,-0.073510029,0.559282871,0.131568906,-0.658015633,-0.692471937,-0.554798602,-0.179245398,-0.899765616
AT2G46690,0.586851308,-1.690488757,-1.819302578,0.487819048,0.519600446,0.309890082,0.62537742,0.411187929,0.569065104
AT2G46790,-0.565913716,-0.224057222,-0.575006656,2.485827664,-0.529048783,0.598578776,-0.458997049,-0.325441149,-0.405941865
AT2G46810,-0.685071801,-0.367792187,0.066061622,0.295220311,-0.828576048,2.37476035,-0.212640072,0.281757604,-0.923719779
AT2G46830,-0.511698031,0.291092625,-0.140871584,1.987104656,-0.920945056,0.966004457,0.242490368,-0.870651076,-1.042526359
AT2G46970,1.390898341,-1.462253409,-0.598114652,-1.492087704,0.448339132,0.169409716,0.212569334,0.96741227,0.363826972
AT2G47460,0.00998309,-0.258461629,-0.77291702,2.534176274,-0.398420427,0.292086227,-0.547952522,-0.40879362,-0.449700372
AT2G47550,-0.579056467,0.549557898,-0.704722245,1.829424044,-1.023902453,0.805863811,-0.755927902,0.727634495,-0.848871182
AT2G47810,1.49476918,0.556112976,0.157720044,0.794153354,-1.052305398,0.247595919,-1.747136064,0.263448646,-0.714358656
AT2G47850,-0.135523697,-0.01148609,0.050714444,-0.697526804,1.00302325,-1.789155268,1.320534528,-0.738562281,0.997981917
AT3G01060,-1.188168359,-0.607833029,-0.452283462,0.063522805,-0.279027882,1.925362255,0.880954969,0.662576557,-1.005103855
AT3G01220,0.702857262,0.192361024,1.371362247,-0.417746499,-0.294184011,-0.625160498,-1.911811988,1.12320897,-0.140886506
AT3G01330,1.863341837,-0.524782394,0.659883721,0.201237307,-0.13941278,-0.289815418,-1.7302011,0.562447515,-0.602698687
AT3G01900,-1.699118527,0.047838388,-0.991296529,0.611781498,0.423626545,0.306645202,1.825532873,-0.332803549,-0.192205902
AT3G01970,-0.706715714,-0.431366856,-0.442714964,0.063517227,-0.028231214,-0.657883029,2.51311707,-0.553054712,0.243332191
AT3G02140,-0.598788633,1.376287742,0.756327689,1.731190321,-0.719193953,-0.562720553,-0.594379817,-0.57865597,-0.810066826
AT3G02150,-1.156545049,-0.572491811,-0.439742696,-0.315299011,0.296200181,1.531626016,1.69957398,-0.225480904,-0.817840706
AT3G02380,-0.815182767,0.43588734,-0.386142282,1.866752383,-0.581518179,1.292680022,-0.094501637,-0.764715163,-0.953259717
AT3G02493,1.226110358,-1.001718169,-1.811215137,0.241967333,1.104401772,-0.41603187,-0.155139825,0.857445073,-0.045819536
AT3G02550,-1.045938114,-0.014043614,-0.52121928,2.074690465,-0.331851424,1.232444039,-0.278516259,-0.579550414,-0.536015399
AT3G02830,-0.719438293,-0.191806745,-0.128897911,0.669251421,-0.566113584,2.304430354,-0.533543721,0.182173016,-1.016054538
AT3G02910,-0.533620927,0.850837939,-0.29143997,2.353025703,-0.562290772,-0.044808466,-0.624169753,-0.532096472,-0.615437281
AT3G02940,2.606777798,-0.40958593,0.117855314,-0.237305762,-0.497043009,-0.431949384,-0.409422972,-0.154972233,-0.584353822
AT3G04060,0.998022636,0.158913992,0.050418771,1.839204002,-0.108014833,-0.707863719,-1.631479442,-0.645649232,0.046447826
AT3G04420,-1.063115632,-0.349525042,-0.785961933,2.055325055,-0.281527157,1.095728567,-0.776352796,0.145881599,-0.04045266
AT3G04640,-0.732515334,1.187991167,2.119978685,-0.582849113,-0.409256635,-0.760244257,0.075863486,-0.626665031,-0.272302968
AT3G05690,-0.237598662,0.615741898,-1.215186077,2.301411505,-0.410556809,-0.239628526,0.134247986,-0.253450566,-0.694980749
AT3G05770,-0.280910481,-1.084694249,-1.424856234,-0.192797928,1.181927142,-0.11185857,1.658253316,-0.365165616,0.62010262
AT3G05800,-0.567507532,1.073164255,-0.016317978,2.152665695,-0.55480167,0.026907109,-0.939139831,-0.512558392,-0.662411656
AT3G05860,1.351942292,1.032534372,0.393373982,1.178874803,-0.881945651,-0.64054424,-1.310348161,-0.450280997,-0.673606401
AT3G05936,-0.624913489,1.824070853,0.194695227,1.384213461,-0.707328577,-0.0844288,-1.038096617,-0.090924647,-0.857287411
AT3G06250,-1.075738964,-1.167969948,-0.27736011,-0.590750767,0.176494324,1.85738321,-0.03910617,1.246370949,-0.129322524
AT3G07000,-1.571943035,0.768433373,-0.922432939,1.709082177,-0.117679245,-0.489190783,-0.159942202,0.930748139,-0.147075485
AT3G07195,-0.700915847,-0.115308857,-0.921701322,1.911928104,-0.606717669,0.031033292,1.435907208,-0.405961763,-0.628263146
AT3G07500,-0.395631956,0.066099775,1.185104163,-0.353915552,-0.946149484,-0.777737047,2.090534795,-0.258095443,-0.610209251
AT3G07650,0.244261597,-0.037012192,0.047154623,-0.448534683,1.495315581,-1.827204009,0.259251199,-0.881042628,1.147810513
AT3G08660,-1.372240397,-0.748976027,-0.423536395,0.691431173,-0.477908576,2.05031893,-0.071144776,0.622846465,-0.270790397
AT3G09600,-0.686461138,-0.376335767,-0.477610269,1.193100757,-0.536531662,1.849101246,0.742684475,-0.758116995,-0.949830647
AT3G09940,-1.666316349,0.093180751,-1.343436055,1.090154664,1.360714839,0.44747045,0.286563144,0.02638887,-0.294720313
AT3G10030,-0.091823593,0.065278984,0.889952127,-0.841175093,-0.2446329,-1.047817861,2.200962469,-0.62750029,-0.303243842
AT3G10040,-0.723201915,-0.20172534,-0.586966503,2.158499785,-0.468165439,1.23571004,-0.529129752,-0.356291442,-0.528729434
AT3G10490,-0.781925296,-1.176708445,-0.173622874,-0.882652416,0.102575658,-0.509228128,1.879296799,1.090387864,0.451876837
AT3G10815,-0.940522273,1.98780727,0.538590531,0.391589279,-0.546049566,-0.90520499,0.817367492,-0.544584715,-0.798993027
AT3G10930,-0.655624977,0.04124359,2.485615774,-0.384557752,-0.321645747,-0.653807071,0.474359192,-0.510973455,-0.474609553
AT3G11020,-0.72773044,1.021534941,1.707914705,0.644671932,0.175670888,-1.13619766,-0.313485778,-1.291379356,-0.080999233
AT3G11090,-1.12115356,-0.550861922,0.020813963,-0.308798033,-0.582423753,1.638440573,-0.657449214,1.694170165,-0.132738219
AT3G11100,-0.196786271,-0.624304128,0.443882421,-1.113470566,0.45072343,-0.982110613,2.186348465,-0.376559719,0.21227698
AT3G11260,0.767577436,-0.253998815,-0.63594678,2.248887602,-0.6233996,0.355803306,-0.996339947,-0.478432335,-0.384150867
AT3G11280,-0.818322582,-0.844050755,-1.740086061,0.816266149,0.244730292,0.394496351,1.622316543,0.053682349,0.270967714
AT3G11370,-0.421003649,0.972605196,-0.484519601,2.337631844,-0.51033367,-0.403910716,-0.587449375,-0.427956895,-0.475063135
AT3G11390,-0.007733212,1.263704254,-0.355386547,2.097386838,-0.708050636,-0.655328101,-0.737891882,-0.461569178,-0.435131536
AT3G11402,-0.563347505,0.119084416,-0.665290752,2.583811192,-0.442239158,-0.005972269,-0.307440366,-0.386123809,-0.33248175
AT3G11580,-1.69741043,-0.499862323,0.257522984,0.080047269,0.058463556,-0.853860273,1.916947588,0.610521995,0.127629635
AT3G12320,-0.858020728,0.786736434,-0.392034698,2.102095019,-0.93349513,0.374221473,0.291338198,-0.550481794,-0.820358774
AT3G12730,-1.534200657,-1.14902348,0.340661008,0.075849564,0.686705799,0.142471345,1.774777858,0.334173986,-0.671415424
AT3G12820,0.816080052,0.68344079,2.006128329,-0.831352687,-0.864408012,-1.09724845,-0.33408117,-0.28094422,-0.097614632
AT3G12977,1.245618992,-1.232035256,-1.348639843,-0.778738194,-0.021501663,-0.112453005,1.276367008,0.043397152,0.927984808
AT3G13040,-0.783769024,-0.581526102,-0.497654387,0.916800717,-0.726471817,1.532337117,1.452685006,-0.419516221,-0.892885289
AT3G13760,-0.547181835,0.654914981,-0.584050885,2.471443504,-0.460716803,-0.345473283,-0.444919807,-0.461965624,-0.282050248
AT3G14020,-0.427276708,-1.02221222,-0.61876001,-0.598655117,0.568339771,-0.246996476,2.15688825,-0.604692341,0.793364851
AT3G14060,2.088566196,-0.432266601,-0.007512558,-0.995531606,0.122410528,-1.445815296,0.161353147,-0.061085174,0.569881364
AT3G14180,-0.160654303,-0.922944494,0.969192553,-1.068959721,-0.027466957,-0.456843874,2.119783313,-0.568990836,0.116884319
AT3G14810,-1.24584825,-0.532943815,-0.916490081,2.061808241,0.056453186,0.816983209,0.392567113,-0.471218705,-0.161310898
AT3G15030,-1.305742077,-0.832617645,-0.650144012,-0.75300964,-0.048321552,0.71803245,0.406718566,1.899786222,0.565297688
AT3G15210,-0.891143453,-0.827655168,-0.857773277,1.242807908,-0.216558937,0.572255853,1.863234715,-0.479494278,-0.405673361
AT3G15354,-0.812433503,-0.138977018,-0.609892379,1.872025485,-0.354382864,1.555479431,-0.451219526,-0.272374683,-0.788224942
AT3G15500,-0.744625184,-0.358181244,-0.391192437,-0.612469011,0.758273839,-0.760172872,2.312706055,-0.467382642,0.263043496
AT3G15510,-0.562212808,-0.808599943,-0.678730829,-0.63996229,0.474259337,-0.284389449,2.399331089,-0.164598727,0.26490362
AT3G15570,-0.386210674,-0.592260817,0.399690616,-1.768888795,-0.519324086,1.159832004,-0.12640966,1.587408191,0.24616322
AT3G16175,-0.840010793,-0.163369015,0.001041516,0.908977467,-0.77408283,2.187543766,-0.352359552,-0.001956796,-0.965783762
AT3G16330,-1.933969427,1.410448199,-0.113841135,0.402434622,0.636177408,-1.171333045,0.409932317,-0.02709953,0.387250591
AT3G16350,-1.043980635,1.76467104,-0.232069017,1.571569088,-0.514204412,0.161748871,-0.618142825,-0.489658856,-0.599933253
AT3G16770,-0.533321314,-0.583754599,-0.573299861,-0.44879612,0.636346368,-0.640238207,2.374619149,-0.542533807,0.31097839
AT3G16800,-0.295803407,-0.308087786,-0.8889258,2.431692468,-0.588062898,0.489690876,-0.030758453,-0.088755251,-0.72098975
AT3G16857,-0.152102829,-0.28722227,-0.041125322,-0.391752778,-0.258609529,-1.014400469,2.283382948,-0.911680935,0.773511185
AT3G16860,-0.936142412,1.600506582,0.92721048,-0.276957593,-0.227589938,-1.100864354,1.208197859,-0.904508363,-0.28985226
AT3G17040,-1.162495222,-0.370714215,-0.921072348,0.936593962,-0.099944539,2.018060708,0.330540427,0.038632384,-0.769601158
AT3G17609,-0.957633044,-0.313337933,-0.968925746,1.11996188,0.264236331,1.986427036,-0.011520789,-0.286228974,-0.83297876
AT3G17690,-1.566951099,1.185331288,-0.459280781,-0.660049414,0.798970898,-0.860817216,1.444753635,0.157532884,-0.039490195
AT3G18010,-0.837813096,-0.930253201,0.258380537,-1.100805567,0.106792015,0.380187422,2.210000176,0.191678077,-0.278166364
AT3G19860,0.065372506,-0.145491219,0.68517789,-0.574643168,-0.033246473,-0.930194492,2.247012884,-1.102055235,-0.211932693
AT3G20600,-1.191388352,1.709722675,1.321644324,0.650265599,-0.597410802,-0.302769078,-0.169659857,-0.680830783,-0.739573726
AT3G20770,-0.534227662,-0.321016285,-0.848379284,-0.562301783,1.136039111,-0.886237314,2.067117885,-0.361161323,0.310166656
AT3G21150,-0.441522863,0.247664133,-0.395024266,2.601846172,-0.438256929,-0.334192004,-0.392267595,-0.405631686,-0.442614963
AT3G21330,0.594814535,-0.954594249,0.66810403,-1.574475785,-0.477156744,-0.151396856,1.706249624,0.655460039,-0.467004594
AT3G21460,-1.152079488,-0.617244677,0.981306528,-1.073460114,0.019420749,0.348803716,1.972854402,-0.086115104,-0.393486012
AT3G21560,-0.579057621,0.601559138,-0.183505965,2.339599199,-0.584000201,0.358295999,-0.779866471,-0.464439705,-0.708584373
AT3G21670,-1.093820066,-0.45852016,-0.706763515,1.308007958,-0.396998705,1.849763276,0.499579413,-0.338056077,-0.663192123
AT3G21690,-1.150743814,-0.406590032,-0.389830648,1.420722123,-0.526181152,1.854885211,-0.429026652,0.242842679,-0.616077715
AT3G21760,-1.330598208,-0.535313927,-0.544072124,0.572128228,-0.154283074,2.244966179,0.143584297,0.081739284,-0.478150655
AT3G21870,-1.14345655,-0.081393169,0.301010134,0.844092376,-0.72503541,1.019212097,1.59177705,-0.626184146,-1.180022383
AT3G21890,-0.556656807,0.257787418,-0.297239185,2.538226948,-0.628457774,0.075819635,-0.443982944,-0.317957717,-0.627539575
AT3G22275,-1.538481588,-0.022657251,-0.583758836,-1.005460635,1.408391339,-0.075506079,1.495540403,0.200379799,0.121552848
AT3G22830,0.194160619,0.923987438,0.392204336,2.070927682,-0.518270998,-0.71827614,-0.932576774,-0.791710334,-0.620445831
AT3G22840,-0.755859036,-0.103366588,-0.692412199,1.42476589,-0.462701518,1.978276442,-0.237680643,-0.399426985,-0.751595362
AT3G23210,-0.736221417,0.448551228,-0.119324179,2.234335472,-0.502673188,0.680007711,-0.942588383,-0.327686517,-0.734400727
AT3G23240,-1.222893396,1.785605755,0.270048562,-0.974285461,0.553478353,-1.127134433,0.566285643,-0.364557547,0.513452524
AT3G23250,-0.716351849,0.222922572,1.020955208,-0.459273848,-0.415648228,-0.611444739,2.202012242,-0.710016459,-0.533154899
AT3G23530,-0.834773,-0.402466839,-0.603004814,2.104438024,-0.387843257,1.294745319,-0.351766391,-0.232573004,-0.586756039
AT3G23630,-0.633374279,2.011260484,1.048179693,0.504695284,-0.435591207,-1.057236106,-0.134235537,-0.540160858,-0.763537474
AT3G23635,-0.189501412,-1.222333131,-1.13365214,-1.213277361,0.945162222,0.249030595,0.403326241,0.72057254,1.440672445
AT3G23810,-0.201155935,0.392377827,-0.276325746,2.062405267,-0.779567351,0.914291465,-1.275180785,-0.251374783,-0.585469958
AT3G24140,-1.140742228,-0.908527106,0.026101705,-1.034797851,0.627098548,1.369826141,1.468016064,0.18007196,-0.587047232
AT3G24310,1.095761717,-0.798400009,-0.091006093,0.136481681,0.148165207,-1.66535952,1.756655187,-0.49633929,-0.085958881
AT3G24420,-1.108217282,-0.783698769,-1.089705234,0.806328917,0.243965658,2.040787341,0.210553156,-0.169430721,-0.150583066
AT3G24520,0.262529275,0.9446643,0.642911918,1.707456981,-1.053933344,0.123834328,-1.242660706,-0.491419698,-0.893383054
AT3G24840,-0.11695353,0.764045746,-0.211284178,2.333426128,-0.742657494,-0.126612128,-0.892725819,-0.360018574,-0.647220151
AT3G25655,-0.52374951,1.795829347,1.59956129,0.160949603,-0.465847199,-0.815934116,-0.54941952,-0.671014124,-0.530375771
AT3G25780,-0.783494211,1.426357578,1.985526583,-0.518828887,-0.300331009,-0.760436587,-0.459348254,-0.086209431,-0.503235782
AT3G25790,1.386133292,-0.846000917,-0.934750676,-0.170720334,-0.377606825,0.398795686,-1.306015089,1.533834166,0.316330696
AT3G27170,-0.6751735,-0.335199473,-1.022035604,1.990272971,-0.342283018,1.377261956,-0.156551147,-0.280614182,-0.555678002
AT3G27220,-0.72066693,-0.396767236,-0.816633074,1.891510438,-0.335380867,1.543163973,-0.66244226,-0.152770008,-0.350014035
AT3G27510,-0.122333475,0.487464777,-0.621357014,2.479772539,-0.232862801,-0.749234717,-0.506660337,-0.554231803,-0.180557171
AT3G27650,0.56664661,-0.914610433,-1.339723056,1.383897289,-0.388611303,0.916003774,-1.046168467,1.006897018,-0.184331432
AT3G27690,-0.712679804,-0.626332527,-0.653419058,-0.45323218,-0.121342156,2.401031321,0.546549827,0.207586843,-0.588162266
AT3G28857,1.226327648,-1.60970091,-0.973768574,-0.271715159,1.017568138,-0.485320064,-0.451687717,1.097656897,0.450639742
AT3G28910,0.393485523,1.359263602,0.601371929,1.193414146,-0.291510993,-0.671103038,-1.844460464,-0.378968312,-0.361492394
AT3G29000,-0.468451767,1.01726796,2.302826873,-0.309644688,-0.51799259,-0.586274377,-0.304604858,-0.569835528,-0.563291025
AT3G29035,0.355023522,-1.007740772,-1.332929734,-0.530748017,1.359060806,-0.889223128,0.603411548,0.1064236,1.336722176
AT3G29680,1.690772212,-0.770687149,-1.531866855,1.251424411,-0.438769622,0.125267733,-0.170179385,0.360948565,-0.516909909
AT3G30210,2.302052519,-0.662056165,0.526525736,-0.126518134,-0.02205224,-1.100035082,-0.099412499,0.045488961,-0.863993096
AT3G43930,2.4613779,0.184841444,-0.139398471,-0.505490177,-0.778416066,-0.472781204,-0.783653383,0.323657489,-0.290137531
AT3G44260,-0.607314359,0.779903876,2.412554226,-0.162392403,-0.468733872,-0.519248681,-0.48516372,-0.458360709,-0.491244358
AT3G44450,-0.496424102,0.560812133,-0.274545988,2.508367356,-0.370574907,-0.438507917,-0.537109352,-0.460185151,-0.491832071
AT3G44860,-0.923315776,1.593204775,0.251739151,1.045701694,-0.567868327,-0.793447326,1.056000967,-0.875748834,-0.786266324
AT3G44870,-1.16105603,2.219955117,0.548867023,-0.679447204,0.530537496,-0.424730167,-0.104108753,-0.298164476,-0.631853007
AT3G45530,0.110794661,0.282187796,-0.492600849,2.501504837,-0.689621346,-0.290388213,-0.798194746,-0.221273219,-0.402408921
AT3G45610,-0.653734816,-0.71611258,-0.221282524,-0.405680634,0.420009919,-0.177488711,2.436756993,0.142343766,-0.824811413
AT3G45840,-0.510738684,0.167855416,-0.596862699,2.580737132,-0.424743766,-0.076578124,-0.601803551,-0.295696367,-0.242169356
AT3G45960,-0.839017477,1.032694346,2.067440238,0.087464245,-0.368319797,-0.538411957,-1.188430727,0.070277703,-0.323696576
AT3G46130,0.466812427,-0.829095162,-1.49677967,0.503358535,0.674201626,-1.084782178,1.563047942,-0.4013214,0.604557882
AT3G46190,-0.740173902,-0.975103815,-0.587542129,2.171520823,0.188823863,-0.390177349,0.998269807,-0.464429485,-0.201187815
AT3G46270,-0.689405747,-1.115358101,-1.424556862,1.434030722,0.401456956,0.897564152,0.83520678,-0.655828256,0.316890356
AT3G46600,-0.517500906,0.824402404,2.157102633,-1.252582473,-0.195530776,-0.859244295,0.112617915,-0.184788708,-0.084475795
AT3G46640,-0.115251239,1.211916814,0.004722543,1.39564859,0.450199563,-1.0238296,-1.0726668,-1.375821822,0.52508195
AT3G46800,-0.36887869,0.795128284,-0.6461969,2.392319658,-0.594391369,-0.146876772,-0.508799419,-0.587370347,-0.334934445
AT3G46810,-0.31804464,0.37773744,-1.015074593,2.488319171,-0.473484828,-0.17441934,-0.338037906,-0.361735282,-0.185260021
AT3G47470,-1.052880603,-0.783504326,-0.883982941,-0.490377842,-0.047265124,1.740900884,1.083113983,0.908151046,-0.474155076
AT3G47500,-0.946319053,0.897455719,-0.386169953,2.084991545,-0.942934268,0.440007021,0.005101506,-0.408324494,-0.743808023
AT3G47620,-0.821138901,-1.446325009,-1.413419203,0.334087966,0.596430605,0.801353162,1.405850295,0.308206147,0.234954937
AT3G47960,-0.678168049,1.235386609,0.106315177,1.739026234,-0.703754625,0.60292276,-1.229734314,-0.407983981,-0.66400981
AT3G48160,2.138350533,-0.627408837,0.452548072,-0.255761172,0.319909008,-0.374974084,-1.569583147,0.122184963,-0.205265335
AT3G48590,-0.979015781,-1.052956249,-0.411450362,-1.103300659,0.171354762,0.559632578,1.902541017,0.745623143,0.167571552
AT3G48920,1.284435665,-1.054871213,-0.850971379,1.113558201,-0.034541046,-0.402252828,-1.45319252,0.802761577,0.595073543
AT3G49530,-0.18092973,0.66695124,2.460810279,-0.481680735,-0.557722739,-0.466396419,-0.456690043,-0.410849328,-0.573492525
AT3G49690,2.235440884,-0.188562882,0.167481443,-0.136971874,0.210255892,-1.632520866,-0.367418884,-0.275612053,-0.012091661
AT3G49930,0.726782368,1.242866515,0.568769678,0.681970752,0.069091489,-1.139111601,-1.788399097,-0.715894287,0.353924184
AT3G49950,-0.915196656,-1.016327294,-0.067115516,-1.639190374,0.527016802,0.320070324,1.383772395,0.426678513,0.980291805
AT3G50010,-0.986869759,-0.331895835,-0.932813873,2.090629576,-0.55649727,1.071164958,-0.268035326,0.224050343,-0.309732814
AT3G50060,-0.492530509,0.784361688,2.413138472,-0.306011875,-0.626829404,-0.320747854,-0.601072717,-0.367207766,-0.483100035
AT3G50260,-0.862895191,1.596037991,0.766699489,0.613418335,-0.379593766,-1.220674059,0.931689831,-1.037165063,-0.407517568
AT3G50330,0.516776918,0.600388055,1.851815088,-1.435543941,-0.382783471,-0.157666773,-1.190253429,0.469395028,-0.272127475
AT3G50460,-0.760252025,-0.754285551,-1.088992768,0.950513468,-0.152175157,0.65907471,1.962712054,-0.653756353,-0.162838377
AT3G50700,-0.501271092,-0.88038105,-0.527057185,-1.289769568,1.093309631,-0.237436312,1.821763976,-0.143434225,0.664275823
AT3G50750,-0.672595843,-0.867732293,-0.492983762,-1.021500908,0.29950227,-0.289032503,2.237428179,0.443931842,0.362983018
AT3G50890,1.211440459,-0.63655128,1.038880916,0.192303319,-0.465846225,-0.768618713,-1.761204966,1.038509915,0.151086573
AT3G50930,-0.474057535,0.714996563,2.416803519,-0.190742179,-0.367258551,-0.781657049,-0.251372917,-0.599444973,-0.467266879
AT3G51060,-0.774216393,-1.213977613,-0.187679258,-1.350795674,0.338521942,0.586343035,1.695393204,0.051066551,0.855344205
AT3G51240,-0.649572119,-0.025547771,-0.633322966,2.101332181,-0.536720569,1.288172923,-0.510719178,-0.421343461,-0.61227904
AT3G51450,-1.484823404,-0.056721098,-1.0071608,0.470174311,0.991670151,-0.459027111,1.785445045,-0.389984051,0.150426956
AT3G51910,-0.267206096,-1.184181336,-0.8316412,-0.244035316,1.233545013,-0.30897708,1.7713444,-0.793691116,0.624842732
AT3G52450,-0.749652098,1.188270842,0.527158567,1.954635859,-0.847053145,-0.284442557,-0.392905807,-0.685145192,-0.710866468
AT3G52540,-1.109158528,-0.660960755,-1.112040957,0.467580336,0.92077394,0.218258029,1.935207042,-0.428746689,-0.230912418
AT3G52740,-0.649952705,0.158940472,-0.592021249,2.36656025,-0.122403139,0.617963108,-0.901622851,-0.381957404,-0.495506482
AT3G52910,1.055857229,-0.000274584,1.092892532,-0.360255569,-1.026645346,0.200304762,-1.506169686,1.284610472,-0.740319811
AT3G53200,-0.345312466,-1.026745314,-1.313244851,-0.321933248,1.42940916,-0.368626765,0.528819236,-0.167171133,1.584805381
AT3G53232,-0.111578355,-0.542894981,-1.104530304,-1.008806293,1.387676966,-0.493753389,1.511637592,-0.502629198,0.864877962
AT3G53250,-0.890869844,-0.839593374,-0.64796569,-1.634634295,0.814426176,1.025456048,0.54060722,1.003089271,0.629484488
AT3G53600,-0.707197807,1.76125945,0.079374923,1.676383182,-0.567951872,-0.523180333,-0.571598066,-0.560184566,-0.586904911
AT3G53720,-1.677484256,-0.948601359,1.436199836,-0.745896944,0.168407734,0.487953687,1.142398065,0.2761758,-0.139152564
AT3G53830,-0.667252967,-0.671104869,-0.665875584,0.3956045,-0.578418014,2.387877233,-0.31543894,0.482688938,-0.368080297
AT3G54500,-0.837464118,-0.556435512,-0.675627534,0.296119912,-0.787369243,1.500763746,1.741800203,0.050479911,-0.732267363
AT3G54810,0.663855621,0.812356966,1.62710815,-0.624231803,-0.776009928,-0.463739673,-1.582091857,0.662917418,-0.320164895
AT3G54890,-0.932122977,-0.830480127,-0.889804906,-0.620688271,-0.016498722,1.696208427,0.396499275,1.468376492,-0.271489192
AT3G54990,-0.923309538,-0.088728883,-0.793307667,2.422324211,-0.24455129,0.512767197,-0.104552865,-0.344125904,-0.436515261
AT3G55130,-1.105452387,-1.097832779,-0.829334899,0.020339953,0.107622466,2.140661355,0.412409905,0.347003686,0.004582699
AT3G55980,-0.591581223,0.896456937,2.366115494,-0.395778736,-0.442941153,-0.538354115,-0.256240461,-0.494491163,-0.54318558
AT3G56260,-1.368427654,-0.620022116,-1.000084878,1.364944709,0.450128177,1.579692537,0.14036465,-0.352686339,-0.193909086
AT3G56290,-0.583940584,0.264570652,-0.45052835,2.442207742,-0.505217899,0.492151867,-0.547622635,-0.498969463,-0.612651331
AT3G56400,-0.187028339,0.644266373,2.125059953,-1.118756208,-0.375159891,-0.963351973,0.61918557,-0.535409456,-0.20880603
AT3G57800,1.074818581,-1.442254362,0.474505935,-1.857624528,0.218650708,-0.147467578,0.710898465,0.334500961,0.633971818
AT3G57920,-0.3505505,1.779495157,0.020097585,1.596786746,-0.945469875,-0.429116461,-0.873239971,-0.372799244,-0.425203436
AT3G58190,-0.245031022,0.168793644,-1.055800356,-0.484281976,1.155946437,-1.344063269,1.804250398,-0.286426845,0.286612988
AT3G58710,-1.185548391,0.501092188,-0.264930843,0.187244173,0.740717676,-1.155350167,1.839607356,-0.944118153,0.28128616
AT3G59060,-1.088836478,-0.131135062,-0.555982545,0.748641018,-0.921701439,2.061372316,0.634305463,-0.101510977,-0.645152297
AT3G59400,-0.915066342,-0.62742533,-0.703082904,0.311389851,0.098184624,2.409666101,0.040108813,-0.013968972,-0.599805841
AT3G60390,0.737843841,-1.69790175,-0.116116347,-1.674707245,0.577693147,0.205484357,0.419339862,0.819314621,0.729049512
AT3G60490,-0.632696318,-0.772673055,-0.625508149,-0.693229975,0.884322934,-0.512061023,2.189660105,-0.292301483,0.454486965
AT3G60530,-0.083804219,-0.250247543,0.726495312,-1.181638937,0.24955268,-1.214434968,2.038889094,-0.510869182,0.226057763
AT3G60630,0.024071068,0.480462394,0.391707447,1.46731907,-0.736505243,0.401270232,-1.717443835,0.782834942,-1.093716075
AT3G61150,-0.430184323,0.167543816,0.177876592,-0.530635945,-0.446622901,2.282079111,-1.426042123,0.027204901,0.178780872
AT3G61190,-0.514207807,0.651888025,2.433739042,-0.069096143,-0.597018395,-0.662941113,-0.197669109,-0.490066677,-0.554627823
AT3G61220,-1.243538845,-0.419156048,-0.724721506,0.712962668,0.015231929,2.144379592,0.29177191,-0.028710943,-0.748218757
AT3G61630,0.764753237,-0.406147088,0.036451591,0.025961811,0.375991617,-1.438213146,1.845332039,-1.275916872,0.071786811
AT3G61750,-0.468230394,0.399795349,-0.670531376,2.097194553,-0.656944858,1.019484498,-0.966854077,-0.173042977,-0.580870719
AT3G61830,1.168105872,0.31908934,2.000905739,-0.84132765,-0.570493844,-0.863643249,-0.811674153,-0.123957927,-0.277004128
AT3G61950,-0.19247564,-0.560652301,-0.755237075,-1.20874552,-0.135023329,2.147039134,0.165872482,0.908465965,-0.369243717
AT3G62090,1.895870334,-0.303604176,1.314389535,-0.923842862,-0.122114711,-1.189062477,-0.533663709,-0.137169686,-0.000802246
AT3G62150,-1.571556205,0.090190391,-1.281205084,1.566910851,0.291001626,-0.501584266,0.993033908,0.300479019,0.112729761
AT3G63350,0.366158715,0.107848165,2.329718637,0.363610786,-0.981101124,-0.805660564,-0.636895247,-0.353381364,-0.390298006
AT4G00050,-0.64968695,-0.131406558,-0.653677651,1.244619867,-0.487680504,2.084940789,-0.940745467,-0.179767213,-0.286596312
AT4G00130,1.906273717,0.903192167,0.22866265,0.546530831,-0.883778904,-0.749207102,-1.245201392,-0.521948183,-0.184523784
AT4G00150,-0.906329793,-0.850277044,-0.272280264,-0.522417464,0.637848854,-0.847268508,2.065700905,-0.139917665,0.834940979
AT4G00210,-0.920545315,-0.682167951,-0.978298516,-0.425479522,1.060973971,-0.225841743,1.614815529,-0.61893851,1.175482058
AT4G00480,-0.786120482,-0.640310695,-0.528187451,0.066746552,-0.166274556,2.105570906,-0.848927548,1.169731511,-0.372228237
AT4G00940,0.822529871,-0.081019684,-1.626847556,2.025622639,-0.151207067,-0.71707645,-0.071558482,-0.149358166,-0.051085105
AT4G01120,-0.054069631,1.651765736,0.382955626,1.578990087,-0.736691476,-0.623472621,-0.547969231,-0.955057878,-0.696450612
AT4G01250,-0.903669793,0.294014045,-0.237258884,2.298370092,-0.452981655,-0.443531647,0.71642513,-0.767544803,-0.503822484
AT4G01460,-0.762687684,-0.766915169,0.764619826,-1.101653664,-0.101845515,2.072840275,0.481021252,0.10862637,-0.694005689
AT4G01540,-0.499168773,1.326722437,0.530942563,1.799005882,-0.918221734,-0.088864755,-0.735240398,-0.508403084,-0.906772137
AT4G01750,-0.656337134,0.49231557,-0.710551726,2.433283374,-0.590451794,0.243694509,-0.451972219,-0.38230871,-0.37767187
AT4G03400,-0.36334075,1.774004815,-0.124113678,1.644745013,-0.458602038,-0.633922372,-0.989425612,-0.580348348,-0.268997031
AT4G04700,-0.762869687,-0.555298569,-0.847767345,1.977130211,-0.500680178,1.392383378,-0.20967002,0.00528841,-0.498516199
AT4G04840,-1.06175882,-0.884138822,-1.066911982,0.321934856,0.651797396,1.722236711,1.078592595,-0.332972961,-0.428778974
AT4G04890,0.276044299,0.319757726,1.009217774,0.079338844,-0.407059541,1.09901798,-2.259408825,0.336159211,-0.453067469
AT4G05100,2.139068818,-0.683749876,-0.699411981,1.274946011,-0.369024303,-0.51446815,-0.360342821,-0.363471722,-0.423545976
AT4G05170,1.612713345,-0.684817039,-0.738468799,0.69048444,-0.400273347,0.606674777,-1.627767174,0.810907999,-0.269454201
AT4G06746,-0.983759046,-1.051320599,-1.305590873,-0.631597128,0.926833658,0.104629976,0.931631263,0.82132667,1.187846079
AT4G08040,-0.190807666,2.079479352,0.450322719,1.017913528,-0.461145172,-0.915344136,-0.518560894,-0.80995541,-0.651902321
AT4G09460,1.401464319,-1.193392657,-0.075559784,-1.84376242,0.883657165,-0.207222196,0.410020488,0.411013746,0.213781339
AT4G09530,1.06412963,0.269473723,1.827265216,-1.190699811,-0.650563473,-0.806092239,-0.93415486,0.2562297,0.164412113
AT4G09750,-0.755946588,-0.125660037,-0.309580933,1.477592981,-0.659277613,1.923636079,-0.434452243,-0.25255346,-0.863758186
AT4G10020,0.399083148,-0.252095215,1.746399327,-1.574958556,-0.007889934,-1.254833601,0.800479753,-0.030554007,0.174369086
AT4G10150,2.131189362,-0.063909343,0.780026265,-1.275759233,0.045649528,-0.873256481,-0.388108504,-0.523855004,0.16802341
AT4G10240,0.142904738,-0.252696679,0.331627114,-1.50374685,-0.192013222,-0.939554033,2.137118067,0.236667338,0.039693528
AT4G10265,-0.571416189,-0.334979146,-0.668140973,2.15278178,-0.245195661,1.245400913,-0.675627425,-0.400279285,-0.502544014
AT4G11050,0.855048936,0.012600042,0.972629303,-1.306779476,-0.942832221,-0.26275572,-0.975532185,1.644812481,0.002808841
AT4G11280,-0.505481016,0.550168727,2.504538027,-0.340205583,-0.45468701,-0.237046628,-0.617993764,-0.404141734,-0.49515102
AT4G11360,-0.661693972,1.335810602,-0.015908486,2.036189862,-0.509357068,-0.330308425,-0.38015234,-0.862172959,-0.612407214
AT4G11570,-0.969136419,0.431838346,-0.619844563,2.34179122,-0.312519082,0.02394267,0.313691216,-0.407790966,-0.801972421
AT4G11660,-0.393267644,-0.103113428,1.484916898,-0.182976581,-0.405218416,1.765459672,-0.420155566,-0.318281702,-1.427363233
AT4G12000,-0.197318607,0.908713885,-0.014924646,2.2362709,-0.845588235,-0.05154275,-0.667463729,-0.551639735,-0.816507082
AT4G13010,-0.786252064,0.207641198,-0.112818886,1.545781521,-0.97693521,1.631874569,0.030891139,-0.513116204,-1.027066063
AT4G13300,-0.865207205,-0.303981132,-0.776597845,0.039998655,0.224734106,-0.377999615,2.50238299,-0.202594304,-0.240735649
AT4G13310,-0.484845585,-0.365724444,-0.462208588,-0.334412442,0.105525666,-0.421359824,2.625052567,-0.390094446,-0.271932905
AT4G13340,-0.733645303,2.006721869,0.715037936,0.978158345,-0.5283883,-0.939450214,-0.454577017,-0.685542075,-0.358315241
AT4G13395,-1.007737602,0.030753863,0.986609182,-1.14252611,0.150908868,-0.526614897,2.05493822,-0.400932435,-0.145399088
AT4G13620,1.238649072,0.75714421,-0.613638622,1.489580799,-0.739167153,-0.929463386,-1.281259923,0.387018912,-0.30886391
AT4G13790,1.976982347,-0.734382807,-1.138604629,-0.19387215,1.044020668,-0.79326536,-0.607428927,0.100204396,0.346346462
AT4G14250,-0.115194254,-0.746601486,-0.874901719,-0.611461858,0.752542328,-0.664893515,2.226964581,-0.384251122,0.417797045
AT4G14540,-1.302793517,-0.157606422,0.178178871,-0.29632383,-0.344112676,2.12904581,0.732629198,0.045011321,-0.984028755
AT4G14690,-0.596742227,-0.303065603,-0.587028049,0.571985514,-0.355071622,2.483790705,-0.391929935,-0.194650506,-0.627288276
AT4G14980,-0.944653014,0.09850959,-0.729354356,1.924270532,-0.575651947,1.156168522,-0.895816916,0.425984205,-0.459456615
AT4G15248,-0.596375477,0.508787866,-0.37539755,2.372912331,-0.637585484,0.452701614,-0.633974458,-0.494340055,-0.596728787
AT4G15300,-1.636403917,-0.122192187,-0.242652006,0.873692248,-0.534759069,1.077768664,-0.286956219,1.570515191,-0.699012705
AT4G15396,-1.320920981,-0.669592461,-0.51056758,0.060321898,0.921691705,-0.698037791,2.015395959,-0.147700373,0.349409623
AT4G15430,-0.747998459,-0.511311396,-1.03299282,1.945636661,-0.66969008,1.2333418,0.378315383,-0.162462243,-0.432838847
AT4G15440,-0.865557136,-0.814213423,-0.827358777,-0.682900016,0.960093252,-0.26246802,2.063889509,-0.003540266,0.432054876
AT4G15490,-1.470397982,-0.511649757,-0.030690916,-0.616793298,-0.264379786,1.51230665,1.648208035,-0.340270105,0.073667158
AT4G15630,-0.579386353,0.093644983,-0.446549888,1.841909989,-0.403014215,1.442639334,-1.218202126,-0.18025519,-0.550786534
AT4G16140,-1.312986066,-0.305459122,-0.76609974,1.808611911,0.016469879,1.304508475,-0.553773595,0.29024313,-0.481514873
AT4G16610,0.056457174,0.12464744,0.422160006,1.699208437,-0.657263852,-0.003289055,-1.88871954,0.788991223,-0.542191833
AT4G16640,2.327827258,0.240339523,-1.086204769,0.06036707,-0.771525331,0.035566359,-0.552523024,0.323606711,-0.577453797
AT4G16670,1.916768834,-0.335150747,1.081481191,-1.148019135,-0.447594946,-0.531792394,-1.027278139,0.062969144,0.428616191
AT4G16690,-1.140320633,-0.260230616,-0.059592635,0.25183499,-0.31430495,0.848280611,2.145200465,-0.55795278,-0.912914452
AT4G16780,0.847403576,-1.548927499,-1.054307035,-1.254894096,0.380179803,0.187516859,0.705506754,0.937603065,0.799918573
AT4G17090,-0.319927552,1.28143578,-0.191531571,2.034775006,-0.376849454,-0.255421855,-1.015760314,-0.870378479,-0.286341562
AT4G17215,1.82626516,-0.100454146,-1.399052225,1.137893427,-0.838975828,0.053162141,-0.469953502,0.37154936,-0.580434387
AT4G17230,-1.028492804,1.544807697,1.656471542,-0.251797214,-0.340033275,-0.457876107,0.371236262,-1.037754076,-0.456562025
AT4G17490,-0.793888213,1.300738391,1.743495235,-0.45604903,-0.569668696,-0.888401252,0.802056632,-0.681272192,-0.457010875
AT4G17500,-1.515118158,0.582380351,0.966571526,-1.108245596,0.227451397,-0.400603848,1.698467094,-0.270819734,-0.180083032
AT4G17670,-0.477477432,1.283168283,0.077238764,2.060609257,-0.629066824,-0.303025819,-0.794128882,-0.524109976,-0.69320737
AT4G17785,2.026776685,-0.99773429,0.814074858,0.354723145,-0.221057846,-0.064553148,-1.338860222,-0.065099744,-0.508269438
AT4G17810,-1.296432856,-0.794256055,-0.309448578,-0.539520136,-0.202841638,1.962500015,0.941834721,0.615878962,-0.377714434
AT4G18010,-0.818174979,2.246700806,-0.089651987,0.997802215,-0.546946004,-0.442338592,-0.104062891,-0.64041319,-0.602915379
AT4G18020,-0.999796061,-0.481332695,-0.321298091,0.818982818,-0.397950856,2.24906345,-0.34096448,0.248089399,-0.774793485
AT4G18170,-0.714783843,-0.79312702,-0.725353464,-0.486920478,0.543735991,-0.046280576,2.397199509,-0.223668692,0.049198572
AT4G18210,-0.908238939,0.96226472,-0.034324477,1.770720996,-0.837842658,0.840126525,-0.005259172,-0.66219198,-1.125255014
AT4G18340,-1.061349105,-0.279741854,-0.983144818,0.548716376,0.496880135,-0.320725,2.226388767,-0.424142213,-0.202882288
AT4G18390,-1.127515285,-0.829759852,-0.01999364,-0.258149201,0.355224282,-0.871104809,2.133034416,0.725784282,-0.107520191
AT4G18880,-0.447884874,0.413368145,1.359587739,-1.240986148,0.201717618,-1.382946848,1.451045101,-0.42048039,0.066579656
AT4G18890,-1.070025254,0.90742326,-0.617374913,-1.135387414,-0.334487263,-0.531661496,1.831648207,0.758455054,0.191409818
AT4G19690,0.008777098,0.192064333,-1.312505514,-0.403708936,1.299875136,-1.171936561,1.099486718,-0.795159772,1.083107497
AT4G20000,-0.909853301,0.397098459,1.306795288,-0.667986839,-0.532521384,-0.878108948,1.87175906,-0.5485731,-0.038609235
AT4G20380,-0.771555385,0.24144132,1.442637021,-0.568618591,-0.764825467,0.197112186,1.688293503,-1.176863472,-0.287621115
AT4G20860,-0.818397746,1.559652054,0.260009451,1.728120317,-1.051486471,-0.424588896,-0.28971663,-0.412457185,-0.551134894
AT4G21200,0.313742301,0.399759062,-0.127440223,2.408433276,-0.53181197,-0.576156782,-0.912354163,-0.527649402,-0.4465221
AT4G21340,1.219218525,-0.229218262,-0.490349061,1.01842239,-0.60460955,0.71843892,-1.875856408,0.735588048,-0.491634602
AT4G21440,1.524810093,-0.588379191,0.155046303,1.828921273,-0.711948865,-0.763872491,-0.632749215,-0.141815945,-0.670011962
AT4G21610,1.204531722,0.833554313,1.19240689,0.268199041,-0.685764019,-1.000991459,0.319047426,-0.557588448,-1.573395466
AT4G21680,-0.686564094,1.235218395,-0.336551786,2.094480373,-0.45509675,-0.884386592,0.014978209,-0.615607579,-0.366470177
AT4G21830,-1.652852788,0.32256901,-1.264463439,1.363509177,0.774906853,0.879470922,0.182011594,-0.061930893,-0.543220437
AT4G21840,-0.756788661,1.789065866,0.117116922,1.603964335,-0.637809933,-0.506489445,-0.261261202,-0.663263215,-0.684534669
AT4G21870,-0.982580557,-0.195746653,-0.651649652,1.660225353,-0.381914903,1.600229908,-0.802814369,0.342915745,-0.588664873
AT4G21903,-0.865126383,-0.37197556,-0.691452902,-0.026521494,0.422971205,-0.515522518,2.427148516,-0.526393726,0.146872863
AT4G22070,-0.786512872,0.298224522,-0.980618025,-0.269377776,-1.105338136,0.478771735,2.159289441,-0.145845867,0.351406979
AT4G23550,-0.584352743,0.06866839,-0.45608635,2.59585037,-0.509156509,-0.044520249,-0.166202983,-0.52184247,-0.382357456
AT4G23750,1.138471897,0.124500768,1.560414102,-1.088074759,0.007194024,-1.409515797,-0.71107491,0.691881463,-0.313796789
AT4G23810,-0.984383509,1.458352029,0.833699691,-0.45971027,-0.553681004,-0.654951659,1.581593409,-0.522350031,-0.698568656
AT4G23990,-0.49475485,0.161116017,-0.100615555,1.47827925,-0.891499945,1.824362702,-0.843477613,-0.397898587,-0.735511419
AT4G24000,-1.218445939,-0.667903219,1.806235259,-0.325524873,-0.606870029,-0.567134919,1.263971601,-0.268462327,0.584134447
AT4G24020,-1.486578157,-0.799351852,-0.390645673,1.310711298,-0.69038603,1.541521668,0.647058924,-0.075938449,-0.056391728
AT4G24110,-0.984197903,-0.276868386,0.072634588,2.057803599,-0.36907823,1.228950148,-0.767479266,-0.389204045,-0.572560504
AT4G24140,1.6306765,0.398093221,-1.398192291,1.30325013,-0.557428693,-0.496789598,0.193734873,-0.959708523,-0.113635618
AT4G24150,-0.014174183,0.418427951,2.478844648,-0.278900838,-0.479936415,-0.116944541,-0.617357549,-0.620406643,-0.76955243
AT4G24340,-1.564867512,-0.236038199,-0.724276978,-0.053810363,0.89159679,-0.149119092,1.994170578,-0.363149368,0.205494144
AT4G24380,-0.565895161,1.590780755,1.66004348,0.538277419,-0.69026583,-0.593378259,-0.528718275,-0.718537983,-0.692306145
AT4G24415,-0.951577685,-0.087732786,-0.165751003,1.819015034,-0.675887413,1.583699315,-0.417955031,-0.581071334,-0.522739097
AT4G24570,-0.443558148,0.31988925,2.585146327,-0.364571686,-0.459321601,-0.452991227,-0.382463097,-0.421939059,-0.380190759
AT4G24660,-0.90346845,-0.538590404,0.952602712,-0.995918654,-0.315365137,1.797817084,-0.464763163,1.051580099,-0.583894086
AT4G24700,-1.03668735,-0.096298413,-0.697802246,1.777583192,-0.484854125,1.499578378,0.117470787,-0.231641409,-0.847348815
AT4G25470,-0.484481163,1.283337414,2.065634379,0.151194846,-0.670418253,-0.627015074,-0.540249441,-0.601138686,-0.576864021
AT4G25480,-0.538891724,2.38789261,0.515311503,0.420694102,-0.611686912,-0.489722155,-0.618409215,-0.558123874,-0.507064334
AT4G25560,-0.381327384,-0.574699414,-0.958688094,2.547763163,-0.12897354,-0.28065175,-0.092079215,-0.094187315,-0.03715645
AT4G26150,-0.764548284,-0.340670758,-0.648143601,2.082365665,-0.208582311,1.329620717,-0.590133579,-0.347200562,-0.512707289
AT4G26200,-0.637293941,1.451324611,0.347073944,1.819438079,-0.737665663,-0.33413971,-0.286031988,-0.846690246,-0.776015087
AT4G26466,-0.125552814,0.472373807,1.979288676,0.122837599,-1.02754168,0.717396047,-1.10795832,-0.01590332,-1.014939995
AT4G26530,-1.395197664,-0.147433298,0.626383929,0.724248984,-0.798905481,1.249816078,-1.455468655,0.397977,0.798579107
AT4G26850,-0.845401041,-0.285529427,-0.52049573,1.238776896,-0.404149193,2.122568976,-0.320625399,-0.226495175,-0.758649908
AT4G27030,-1.013167491,-0.33573983,-1.026961114,0.635112095,0.355483454,2.179061539,-0.509433763,0.195553671,-0.47990856
AT4G27280,-0.467467361,0.401939136,2.528380328,-0.040220702,-0.624716461,-0.441356161,-0.525327691,-0.317925353,-0.513305735
AT4G27310,-1.005011397,1.185315914,0.487108173,1.148711391,-1.36165578,-0.596272929,1.132398582,-0.344377405,-0.646216549
AT4G27530,-1.027939628,-0.435199189,2.381583249,-0.505467143,-0.540791537,0.17601452,-0.535610774,0.023017708,0.464392794
AT4G27560,-1.451427775,-0.915603463,-1.332920563,0.634346243,0.898376512,1.265743983,0.168231528,0.075392392,0.657861143
AT4G27652,-0.554600049,1.364189917,2.093392149,-0.334544645,-0.505493222,-0.611205961,-0.446877614,-0.544416794,-0.460443781
AT4G27654,-0.503494668,1.108278205,2.265599613,-0.3800917,-0.501697088,-0.489281612,-0.515471172,-0.488595491,-0.495246086
AT4G27657,-0.539256947,1.493017148,1.916341142,0.108836701,-0.599545331,-0.48093132,-0.651503441,-0.5832633,-0.663694651
AT4G28110,1.539070132,-0.275440642,0.102544457,1.693937218,-0.93868825,-0.484746066,-0.443120295,-0.026384414,-1.16717214
AT4G28140,-0.792364294,-0.180772827,-0.423192868,-1.018459808,1.10244678,-0.280141436,1.436804744,-1.095346691,1.2510264
AT4G28290,-0.959471652,-0.441662069,-0.695814625,1.453524794,-0.216916484,1.79856907,0.300736544,-0.347827982,-0.891137595
AT4G28500,-0.189560849,-0.563324345,-0.999926047,-0.269509859,0.811995144,-1.072283215,2.177571973,0.146808556,-0.041771356
AT4G28560,0.282218181,0.06484843,1.002101148,-1.978273044,0.609532883,-1.272502273,0.235380769,0.972125698,0.084568209
AT4G29000,-0.281494067,-0.748497982,-0.307205258,-1.406683458,0.650697047,-0.515530653,2.103997067,0.103990023,0.400727281
AT4G29100,-0.477656648,-1.406806013,-1.128900181,-0.346813352,0.698911812,0.316365169,1.913011136,0.38417891,0.047709167
AT4G29190,-0.307806893,0.185781687,0.865285304,-0.750790304,0.138681759,-1.532449789,1.97721051,-0.528269976,-0.047642298
AT4G29780,-0.492430997,0.371451971,2.570253143,-0.317982947,-0.423644069,-0.461899687,-0.381165437,-0.418929387,-0.44565259
AT4G30980,1.096384568,0.225853729,0.517088201,0.930782851,-1.006634582,-0.095138618,-2.105460421,0.395094156,0.042030116
AT4G31380,0.016644082,-0.635396326,0.23873904,-1.372159552,0.124547016,-0.698465969,2.266449077,0.114200243,-0.054557612
AT4G31550,-0.418278775,1.088774172,-0.091642271,2.190536914,-0.872673564,-0.157889256,-0.509607221,-0.739279165,-0.489940835
AT4G31610,0.568514773,0.557783139,2.175119629,-0.113719005,-1.038159645,-0.295142284,-1.034219643,-0.250790502,-0.569386463
AT4G31730,-0.757197224,0.052023078,-0.535242339,2.51183681,-0.480226237,-0.305335083,-0.6861838,0.018377709,0.181947086
AT4G31800,-1.227692581,1.895590662,0.66653689,0.853883918,-0.536674256,0.332403531,-0.684919112,-0.564054014,-0.735075038
AT4G31940,0.738166843,0.125918054,-1.180966905,-0.387659945,1.675517985,-1.160830639,0.624807907,-1.009444419,0.574491119
AT4G32280,0.703817311,-1.51176174,-0.43393047,-1.702381711,0.713591317,0.130441728,0.584702374,0.51660528,0.998915912
AT4G32810,-0.241140239,0.45498136,-0.383446904,2.510436628,-0.505593251,-0.121662101,-0.718088774,-0.542157124,-0.453329594
AT4G32880,-0.099047701,-1.383540354,-1.320324817,-0.552483926,0.631028369,-0.078660623,1.752483188,0.532504976,0.518040888
AT4G32890,0.344927865,0.000807488,0.155424758,-1.031131143,0.956035559,-1.52265883,-1.07271783,0.915155602,1.25415653
AT4G32980,-0.573400259,-0.129536521,0.446305123,-0.060699335,-0.915764056,1.924919613,-1.108336858,1.100575764,-0.684063471
AT4G33070,-0.537935087,-0.548519685,-0.667931434,1.361128928,-0.448831886,2.086374531,-0.573186866,-0.298071838,-0.373026662
AT4G33280,0.536171049,-0.366669899,1.551723313,-0.83388503,-0.590166911,-0.4139795,-1.574493719,0.694143248,0.997157449
AT4G33660,-0.943505912,-0.523140457,-0.518201152,0.981246168,-0.324181491,2.068979198,0.142881712,0.193477853,-1.077555918
AT4G33880,1.618673782,-0.338151338,0.192239751,0.947862798,-0.993026686,0.30021057,-1.660179416,0.463898995,-0.531528456
AT4G34410,-0.542780354,1.05308512,2.278048659,-0.164804481,-0.538409829,-0.47673857,-0.548925076,-0.527824428,-0.531651042
AT4G34419,1.002917082,0.593524482,1.579750748,-1.020347135,-0.646287095,-0.30033876,-1.282795807,0.725628972,-0.652052488
AT4G34610,-0.919648329,-0.577319478,-0.741576453,0.616411829,-0.227205446,2.328956295,-0.418359956,0.314688668,-0.37594713
AT4G35580,-0.688700189,-1.517539852,-0.602109117,-0.996793813,1.093204518,0.481404583,1.419902142,0.187255013,0.623376716
AT4G35660,-0.650354981,1.379036357,-0.169360877,2.001108218,-0.625663286,-0.002281841,-0.648060632,-0.588052403,-0.696370555
AT4G35720,0.181612185,-1.124384471,-0.172024746,-2.045835199,0.848192044,0.249778882,0.472229704,1.125508047,0.464923555
AT4G35900,-1.47540309,-0.224742362,0.897207744,0.733891486,0.417466163,-0.993259177,1.566954743,-0.901376208,-0.020739301
AT4G36110,0.59845978,-0.860857538,-1.49627101,-0.728222236,1.735452865,-0.596348278,0.124517104,0.595676943,0.627592372
AT4G36260,-1.504139286,-0.550828068,0.610271622,-0.490245972,0.289869819,0.537161295,1.937752241,-0.833018771,0.00317712
AT4G36500,-2.165421882,0.986095385,-0.469986589,0.805159403,0.825705439,-0.111276204,0.754016534,-0.388995902,-0.235296184
AT4G36710,-2.065130865,1.344011587,0.783767067,0.159303423,0.384280732,0.481704746,-0.066519297,-0.072863826,-0.948553568
AT4G36730,-0.68955532,0.578291359,0.458175738,0.765621527,-0.31136012,-0.32662411,1.788954147,-1.594505564,-0.668997658
AT4G36780,-1.004056634,-0.119439271,0.272379192,-1.002024087,-0.676853238,1.067040312,2.033338484,-0.232648444,-0.337736314
AT4G36870,-1.009016618,-1.054921979,-0.626222812,-0.686429408,1.079616875,0.068909868,1.802263488,-0.285375147,0.711175733
AT4G36900,0.037462251,-0.598497092,-0.600929704,-0.519507755,0.790598995,-0.688999005,2.358691114,-0.535907625,-0.242911178
AT4G36920,-0.241095479,0.704397533,-0.605214917,2.323078982,-0.507019775,-0.311705903,-1.097109388,0.079038412,-0.344369466
AT4G37430,-0.698554488,-0.169881213,-0.531465698,2.428485207,-0.430994518,0.710887323,-0.569458524,-0.283800607,-0.455217482
AT4G37470,-0.768759716,0.416790026,-0.236731408,2.18680304,-0.458717954,0.69812385,-0.966952861,-0.874262333,0.003707358
AT4G37610,-1.009783634,0.938829377,0.559165374,0.772755455,0.107865576,-1.009557373,1.503211862,-1.21777804,-0.644708597
AT4G37730,-0.649873498,0.329633556,-0.070225434,-0.774695931,0.434470464,-0.828430081,2.365608131,-0.21946774,-0.587019468
AT4G37760,-0.748516576,-0.042524346,-0.676031097,1.499843107,-0.522429603,1.925499509,-0.458398475,-0.311154258,-0.666288259
AT4G37770,1.330280406,-1.548712972,-0.91546582,-0.67976621,0.338921492,-0.48243739,-0.061939573,0.74328071,1.275839358
AT4G37790,1.152611213,-1.90228933,-0.761275984,0.147651707,0.854052406,-0.707647393,1.053999063,0.301776467,-0.138878148
AT4G38300,-0.836222901,0.416555005,2.134778549,0.059229934,-1.059791529,0.597806359,-0.857944042,0.123922631,-0.578334006
AT4G38340,2.230653708,-1.197506492,-0.468283403,0.136574586,-0.539743509,-0.26942886,-0.410759914,-0.326057955,0.844551841
AT4G38420,-0.156027168,1.00291545,-0.555688318,2.259688818,-0.429523066,-0.521579949,-0.223816796,-0.91332655,-0.462642421
AT4G38840,-0.742055525,-0.187033477,-1.277731433,2.300924478,0.238790417,0.370699571,-0.456845848,0.040838439,-0.287586621
AT4G38860,1.081216674,0.099553661,-1.723660072,0.998838804,0.986442009,-1.067275183,-0.595588578,-0.314735753,0.535208437
AT4G38960,-0.168776285,0.309873316,-0.557794088,2.255743248,-0.985459581,0.709599568,-0.256988065,-0.450368329,-0.855829784
AT4G39070,-1.27698382,1.763020046,0.183546655,0.97726515,-0.156342924,0.607447589,-0.884648736,-0.18224429,-1.031059669
AT4G40065,-0.212795126,-0.862022858,-1.218180139,0.097862743,1.040615055,-0.738258532,1.880370005,-0.520256,0.532664853
AT4G40070,-0.280664211,-0.603169009,-0.993455614,2.501695396,-0.381960688,0.20667304,0.031228388,-0.29946592,-0.180881383
AT5G01040,-0.556322303,1.429058343,-0.384114501,2.010031809,-0.640920207,-0.289338961,-0.818518959,-0.288622874,-0.461252348
AT5G01100,-0.478530348,1.787193386,1.491155076,0.418138142,-0.799197869,-0.666633315,-0.37089828,-0.645953198,-0.735273595
AT5G01200,0.879334997,-0.633555651,-1.136300217,0.025606067,0.287075914,-1.520068574,0.155477217,1.755380763,0.187049483
AT5G01670,-1.002955853,-0.104965158,2.37006489,-0.254793686,-0.484490128,0.183424712,0.522173098,-0.562556713,-0.665901163
AT5G01900,-1.166004089,1.521291337,-0.221870473,-0.722862619,0.60187316,-1.030196044,1.388755853,-0.593743808,0.222756683
AT5G02030,-0.579737908,-0.576753629,0.22798771,-1.794336355,0.254602833,0.04323602,1.800662967,0.839264802,-0.21492644
AT5G02090,0.929722325,-1.104395676,-1.317123064,-0.51784381,0.436501645,-0.673524349,1.688197306,-0.083279537,0.64174516
AT5G02190,0.255526768,-0.261843205,0.434569988,-1.794367501,0.639005351,-1.098627273,-0.444528448,0.951320983,1.318943337
AT5G02270,-0.557865482,0.326169582,-0.421659778,2.447150284,-0.578217119,0.419581454,-0.598004976,-0.447091776,-0.590062189
AT5G02460,-1.33467718,-0.879052907,-0.657262009,-0.730367184,0.287355446,1.047260372,1.71481607,0.598639791,-0.046712399
AT5G02540,1.079605547,0.660119056,1.705172486,-1.053393351,-0.370427614,-1.45887951,-0.268317752,-0.127951458,-0.165927404
AT5G02580,0.527350144,-1.083440441,0.158404792,-1.603652476,0.358904388,-0.995725389,1.392816294,0.382247292,0.863095395
AT5G02810,-1.221667681,-1.031648271,-1.115053325,0.038497274,-0.179758477,1.711286021,0.822182174,0.28173062,0.694431665
AT5G02840,-0.955965236,-0.260123059,-0.052564776,0.352623182,-0.483862083,0.763077921,2.199231461,-0.686983521,-0.87543389
AT5G02950,-1.438483914,-0.567021385,-0.82901539,0.908236253,0.467869744,0.877850181,1.556924258,-0.809828604,-0.166531143
AT5G02970,-0.794748046,1.168428177,-0.458193309,2.180261722,-0.318565363,-0.420172599,-0.152562628,-0.521548207,-0.682899746
AT5G03555,-1.106765774,0.439921403,-0.513557025,2.124215226,-0.559932563,0.777303412,0.074850634,-0.374822056,-0.861213257
AT5G03570,0.691971835,-0.384227794,-1.343152541,-0.34936014,0.901127978,-1.334937308,1.192895169,-0.472844641,1.098527442
AT5G03720,-1.391516377,1.271701314,1.839585673,-0.396960642,-0.777298887,-0.385545325,-0.131748446,-0.273155196,0.244937885
AT5G03890,-0.749390982,1.089544696,0.110750842,2.148320967,-0.465801496,-0.45297891,-0.965469578,-0.440762446,-0.274213093
AT5G04340,-0.780884844,0.195398694,0.005528932,1.827174863,-1.044764012,-0.170610917,1.371777034,-0.815724992,-0.587894757
AT5G04760,-0.253758277,0.056328609,1.234109805,-0.18890428,-0.196374844,-1.116844362,1.979947598,-0.859143058,-0.65536119
AT5G05090,1.720402294,0.818440222,0.61550975,-0.625201772,0.076927176,-1.22411312,-1.445975476,-0.009089215,0.073100141
AT5G05410,-0.544117286,1.637820234,1.484130009,0.668954198,-0.341446723,-0.62120322,-0.775907353,-1.008525502,-0.499704356
AT5G05430,-1.813529846,-0.348181547,0.735710478,1.415013949,-0.662240456,0.422401749,-0.396706971,1.052578157,-0.405045513
AT5G05440,-1.438058395,1.302915777,0.298407287,1.75435821,-0.802365105,0.01010679,-0.384164201,-0.397207165,-0.343993198
AT5G05550,-0.737369804,0.004013113,1.765333334,-1.152450148,-0.466933836,-0.600389898,1.538975353,-0.215105726,-0.136072388
AT5G05600,-1.464380709,-0.094389499,-1.314271009,0.137948012,0.734424935,0.242760369,1.862937557,0.061452896,-0.166482552
AT5G05790,0.652868329,-0.026696629,-0.512172417,2.13269171,-0.781835867,-0.280444541,-1.160122449,0.590458704,-0.614746841
AT5G05965,0.05804583,-0.511482019,0.287619087,-0.995340063,0.180910603,-0.851470288,2.390048115,-0.41270037,-0.145630896
AT5G06110,-0.49196227,-1.326986916,0.329433282,-1.076105371,1.107217311,-0.469619134,1.802513468,-0.053749155,0.179258785
AT5G06530,-1.244588861,-0.00633631,-0.637892009,1.707423809,-0.133865063,1.308746682,0.511331054,-0.798876821,-0.705942482
AT5G06710,-1.177723255,-0.238664239,-0.215826122,0.272047329,0.500028737,-0.036475009,2.284779735,-0.681141486,-0.70702569
AT5G06800,2.36628281,-0.243744823,-0.479414372,-0.543625761,-0.115955404,-1.024876247,-0.576906294,0.64689124,-0.02865115
AT5G06870,-0.946428009,-0.89321884,-0.913738928,-0.596594968,0.91147593,-0.144247933,2.027047978,0.296107607,0.259597163
AT5G06980,-0.950690001,0.487944108,-0.576276292,2.030928122,-0.995027126,0.869803667,0.17884498,-0.327636968,-0.717890491
AT5G07010,-0.078751047,-1.114801292,-0.493536186,-1.485880318,1.039728126,-0.645653111,1.084752015,0.538890461,1.155251352
AT5G07100,-0.52992366,-0.498892334,-1.236461067,1.406646117,0.023328503,-0.813480387,1.591698608,-0.590073184,0.647157404
AT5G07460,-1.483669593,-0.603701927,-1.639271727,0.642521111,1.079128752,0.669123068,0.507880767,0.660218843,0.167770707
AT5G07680,2.39905765,0.49704526,-0.232022105,0.190824753,-0.528474081,-0.78699232,-0.869865957,-0.216999987,-0.452573213
AT5G08050,-1.213926105,-0.613787753,-0.700179308,0.568462801,0.104535591,2.03422251,-0.003159621,0.677334288,-0.853502404
AT5G08130,-0.226256039,0.526207131,0.420521618,2.209961456,-0.995690153,-0.459784272,-0.663629575,0.159495603,-0.970825768
AT5G08790,-1.79803727,0.735143017,-0.115143417,-0.682189754,0.098632015,-0.329204474,1.899805486,0.060988655,0.130005741
AT5G09980,-1.226365236,2.014955519,0.251868812,0.08562597,0.400399171,-1.236596361,0.409765229,0.012842736,-0.71249584
AT5G10030,0.767973083,-0.765253195,-1.667301545,0.546167731,-0.183258465,0.154290228,-1.068116154,1.324467416,0.8910309
AT5G10140,0.040177975,-0.600501435,-0.103802692,-0.111701631,1.005123286,-0.935377492,2.03830573,-1.252297565,-0.079926176
AT5G10570,-0.785415055,-0.859989402,0.250281495,-1.136469105,-0.099088353,0.596577592,2.205088994,0.067116941,-0.238103108
AT5G11260,-0.548051184,1.23414536,0.018368226,2.082651366,-0.618725115,-0.08372117,-0.682121097,-0.695631929,-0.706914457
AT5G11270,-0.971943599,0.37643993,0.130199642,1.050216753,-0.705771131,1.638195744,-1.194350252,0.59126153,-0.914248618
AT5G11920,-0.901158153,-0.117501451,-1.006008272,1.86081925,-0.616946673,1.298121435,0.416746449,-0.358085359,-0.575987226
AT5G12010,-0.444064678,0.217987302,-0.424734571,2.502190577,-0.549226557,0.32890856,-0.648201177,-0.512984162,-0.469875294
AT5G12340,-0.944843288,2.223793001,0.651683628,0.233430273,-0.567040268,-0.628188628,0.334308378,-0.705543441,-0.597599656
AT5G13220,-1.374400569,0.339652479,-0.524720625,-0.744190764,1.166803369,-0.472009032,1.880186001,-0.207695525,-0.063625333
AT5G13320,-1.135480585,-0.612429336,2.353476616,-0.430814598,0.071031803,0.427751573,-0.643322729,0.051313812,-0.081526555
AT5G13330,-0.747840723,-0.099584735,-0.204048126,-0.522484155,0.213941927,-0.577467071,2.521949514,-0.613109041,0.028642411
AT5G13630,-1.104820976,-0.525720204,-0.893795848,0.09758165,0.022864355,2.162265525,0.467181806,0.509710415,-0.735266724
AT5G14200,0.346630292,-0.201813561,-1.593270351,-0.316129278,0.402044574,-0.429294167,-0.739181406,2.008922192,0.522091705
AT5G14340,1.080548978,-0.152178161,-0.546279344,1.194044921,-1.244276234,0.38006958,-1.454138307,1.079080303,-0.336871736
AT5G14565,-0.633506209,0.084414109,2.135615867,-0.062239167,-0.862684476,-0.332579142,-1.108035517,0.955549393,-0.176534857
AT5G14730,-1.548960125,0.768138169,-0.286796598,1.437945624,-0.090739503,-1.005754873,1.295582131,-0.272054763,-0.297360062
AT5G14750,0.876060715,-0.196123409,0.479291779,0.683940054,-0.513349032,0.775268526,-2.104944476,0.774911422,-0.77505558
AT5G14760,-0.696131814,-0.014189767,-0.520296836,1.833082813,-0.555600621,1.538040362,-0.960848615,-0.097452788,-0.526602735
AT5G15120,-1.032201389,-0.546987865,-1.003206839,1.722586877,-0.138403707,1.566627012,-0.219776377,0.02453221,-0.37316992
AT5G15130,-0.702522319,1.419202715,-0.006233185,1.971587417,-0.651946134,-0.669228766,-0.185357772,-0.646782411,-0.528719544
AT5G15150,0.72658627,0.35682041,0.33341538,-0.717853899,-0.298284315,0.113365744,-1.999809361,1.612784391,-0.12702462
AT5G15310,-1.067912555,1.418126099,0.141023085,1.838394202,-0.452323929,0.032470893,-0.639162865,-0.518070996,-0.752543933
AT5G15830,1.555843066,-1.369176366,-1.507928959,0.462099806,0.300179345,-0.530694531,0.46007767,-0.15194867,0.781548638
AT5G15850,-1.021329781,0.980675237,0.213464341,1.704732337,-0.759035714,0.632360211,0.230761724,-0.831454367,-1.150173987
AT5G15970,-1.207273735,-0.935291615,-0.647463809,-0.234581359,0.21727294,2.225647441,-0.011671509,0.205596743,0.387764902
AT5G16540,-1.18216625,0.263010022,0.205620353,0.616496394,-0.625360333,2.03219038,-0.494276102,0.30401769,-1.119532155
AT5G16600,2.414262584,-0.426983426,-0.672607723,0.525059495,0.218322489,-0.743625526,-0.4751232,-0.216759718,-0.622544974
AT5G16770,2.412885022,-0.094140277,-0.013464165,0.222884926,-0.734345318,-0.618132177,-0.485493317,0.256577794,-0.946772489
AT5G17050,-0.804736381,0.590762137,-0.396514131,2.421520632,-0.423258358,0.127445234,-0.542729134,-0.387248554,-0.585241444
AT5G17300,-0.313393491,0.927892526,-0.173492506,2.175222682,-0.526080394,-0.364005398,0.186901202,-1.00674274,-0.906301881
AT5G17350,-0.508533793,0.684093737,2.462093419,-0.238904402,-0.487053342,-0.481557026,-0.469331597,-0.438783139,-0.522023858
AT5G17430,1.277436126,0.485168506,1.347245338,-0.390580378,-0.354516798,-1.394536995,-1.352958212,-0.117649863,0.500392277
AT5G17490,-0.921076957,-1.086375994,-0.964779498,-0.887130735,1.137800002,0.175847266,1.306696575,0.143561925,1.095457416
AT5G17810,-0.292725382,1.173988295,0.00334907,2.132367585,-0.566293559,-0.773191987,-0.622590185,-0.77896411,-0.275939728
AT5G18020,0.888871672,-0.665028637,-2.249541753,0.747026307,0.854572366,-0.113565854,-0.273198438,0.369524981,0.441339357
AT5G18030,0.720912263,-1.075579085,-2.007996539,0.284858848,1.198833187,-0.271647781,0.013686714,0.406090108,0.730842286
AT5G18050,1.07357512,-1.318298129,-1.763841101,-0.436066805,0.830609846,0.213223895,-0.040361553,0.592592295,0.848566432
AT5G18060,1.04849554,-1.412754952,-1.758714913,-0.265640941,0.851481124,0.123273609,0.098383141,0.406739514,0.908737879
AT5G18090,1.701231417,0.585073262,0.773611257,0.702565023,-0.940762536,-0.553500874,-1.236791521,-0.058297177,-0.973128852
AT5G18240,-1.030886454,-1.236397319,0.325949774,-0.523445355,0.010028939,-0.352053904,2.128087703,0.608828683,0.069887933
AT5G18670,-0.38739005,2.129517977,0.455529969,0.926518948,-0.697830626,-0.417372309,-0.290934021,-0.741766239,-0.976273648
AT5G19240,-0.758077852,1.5218655,0.603442477,1.545431596,-0.968691438,0.022007196,-0.371909544,-0.729760974,-0.864306962
AT5G19790,1.897761175,0.203090953,-0.048254371,0.814075433,-1.083272578,-0.023218211,-1.536535446,0.145315172,-0.368962125
AT5G19970,1.325148006,-0.882256669,-1.7824162,1.023020375,0.086615694,0.016367041,-0.829757162,0.54943495,0.493843966
AT5G20070,-0.317175912,0.624852232,-0.084386032,2.224953653,-0.794832364,0.493004542,-0.929294792,-0.418394379,-0.798726949
AT5G20150,-0.088021714,2.163439543,1.055281606,-0.077803947,-0.714623354,-0.469175692,-0.66519438,-0.218465189,-0.985436873
AT5G21120,1.171796803,1.258533543,0.419323002,0.998243692,-0.92404431,-0.400381016,-1.494492302,-0.298163648,-0.730815763
AT5G21280,-1.010783101,0.268847451,-0.335077186,2.053939777,-0.771437256,1.055507052,-0.331717611,-0.062106183,-0.867172944
AT5G22090,-1.099273363,-0.08386524,-0.588498989,2.177896991,-0.603227029,0.928733712,-0.102424967,0.045914512,-0.675255626
AT5G22250,-0.929453395,0.720622011,2.165562978,-0.623959442,-0.294083497,-0.744057144,0.619032198,-0.677211323,-0.236452386
AT5G22290,1.307313634,-0.919102905,0.834659803,-1.019019196,-0.160922929,-1.147895114,1.481072952,-0.415274798,0.039168553
AT5G22570,-0.385470165,2.519758396,0.364239063,0.067517554,-0.446288454,-0.705523046,-0.480894186,-0.491622522,-0.441716641
AT5G22890,0.944794316,-1.195577406,-1.755550265,-0.341238428,0.707235736,-0.413062219,0.802150522,0.188302899,1.062944845
AT5G23730,-0.546389507,0.061462492,-0.496688845,2.403379499,-0.540381276,0.723329608,-0.560743339,-0.512982806,-0.530985825
AT5G24120,-0.409984449,-0.068939701,-0.501188464,2.612755545,-0.448172132,0.075545232,-0.3448586,-0.406445069,-0.508712362
AT5G24230,-0.550744249,-0.234564629,-1.053481138,2.453069655,-0.46135186,0.220021407,0.243535532,-0.351229273,-0.265255444
AT5G24470,-0.875778661,1.440431127,-0.574042159,0.858057217,0.081376297,-0.986219663,-0.370052597,-0.988001455,1.414229893
AT5G24590,-0.537365761,1.32273449,2.077554874,-0.032647016,-0.558461009,-0.656473307,-0.393275571,-0.617603788,-0.604462912
AT5G24800,-0.547815928,-0.593407206,-0.1203575,-0.455949455,0.20805313,-0.145815954,2.573772844,-0.54506543,-0.373414501
AT5G24850,-0.582459281,0.000618194,-0.507959589,2.361090854,-0.46751534,0.832685158,-0.524005718,-0.449753144,-0.662701133
AT5G24920,1.16684656,0.77511693,1.591757797,-0.646669218,0.138879824,-0.733628359,-1.156237858,-1.090566147,-0.045499529
AT5G24930,-0.763091617,-0.777119947,0.757794895,-0.885620616,-0.377809717,1.54503748,1.489358474,-0.163733543,-0.824815409
AT5G25190,0.849966887,-0.433375124,1.660452574,-1.307079271,-0.731948289,-0.054703221,-0.399812744,1.167117823,-0.750618637
AT5G25810,-0.369387195,-0.015586852,-0.684581586,2.230297184,-0.194644296,0.962749235,-1.019903257,-0.488885463,-0.420057771
AT5G25830,1.464685998,-1.239071068,0.354159655,-0.597500997,0.180670492,-1.580909968,0.908383374,-0.16356603,0.673148544
AT5G25890,-0.259989717,0.250788368,-0.546026614,2.335366247,-0.741885098,0.526318207,-0.801593193,0.040651933,-0.803630133
AT5G26660,-0.107408405,0.82789162,-0.807666344,2.160001408,-0.207751654,-0.219016245,-1.347615144,-0.019987871,-0.278447364
AT5G27889,-1.162990001,0.68519099,2.041217685,-0.192596496,-0.993190972,0.691411741,-0.104939953,-0.351540335,-0.61256266
AT5G27890,-0.929218877,0.429907909,2.202663317,-0.343557193,-1.004301142,0.605098554,-0.032963976,-0.760357011,-0.167271582
AT5G28300,0.566363813,-0.856065061,1.257709446,-1.622521412,-0.14823316,-0.81567121,0.212894973,1.413961732,-0.008439124
AT5G28510,0.734001997,0.07602203,-1.40027444,1.857577234,0.212850572,-0.553164574,0.604329635,-0.487207174,-1.044135279
AT5G28630,-1.18464654,0.721519729,-0.388729916,1.993796454,-1.1453698,0.252129684,-0.015771635,0.406445559,-0.639373535
AT5G28770,-0.722230717,-0.340077718,-0.273490708,-0.184981096,0.710735939,-0.711905554,2.373449827,-0.776441793,-0.075058181
AT5G29000,0.690149172,-0.315158858,-1.220035149,0.687914537,0.170904929,-1.831313975,1.39934355,0.078462451,0.339733342
AT5G35732,-1.126366097,-0.116218324,-0.495117327,2.427827761,-0.059814856,-0.157788559,-0.518753708,-0.350819465,0.397050576
AT5G35970,-1.01028381,-0.587304639,-0.98719261,0.605060104,0.14409024,2.128720691,0.399652888,0.067071647,-0.759814511
AT5G36910,-0.71413696,-0.595646201,-0.679117509,0.484497081,-0.643105537,2.066397313,-0.739048168,1.070825787,-0.250665805
AT5G36925,-0.798593832,1.825877139,0.382180029,1.391024193,-0.76708618,-0.053690874,-0.488963297,-0.69125295,-0.799494228
AT5G37020,-0.102572843,0.252383065,-0.080211836,0.314265195,-0.882491879,1.799356223,-1.732744695,0.81114992,-0.379133149
AT5G37260,0.190921097,1.468581647,0.20685828,1.700644767,-0.434472408,-0.967071445,-0.407023818,-1.013606482,-0.744831638
AT5G37620,2.380730647,-0.466098373,0.124664923,-0.878438938,-0.334387805,-0.283974518,-0.820039703,-0.32179324,0.599337006
AT5G37770,-0.668229691,1.19742623,2.038901111,0.21765971,-0.558128478,-0.242189581,-1.053942369,-0.452613858,-0.478883074
AT5G37800,0.745858723,-1.061540018,0.445830543,1.147438819,-0.720724169,0.292418799,-1.510634988,1.251486459,-0.590134167
AT5G37970,1.352624674,-0.225267309,-0.234560616,-1.227119915,1.211287795,-0.921642587,-0.297155846,-0.852667292,1.194501098
AT5G39240,1.004109527,-0.777845824,0.123296345,-0.9567055,1.589490544,-1.275268359,-0.654913846,0.012760658,0.935076453
AT5G39610,-0.397920603,-0.963566861,-0.8787557,-0.812354493,0.784463026,-0.779270555,1.741580623,0.221212213,1.08461235
AT5G39660,-0.787215322,0.53535765,-0.231719543,1.566253945,-0.89886326,-0.262935636,1.592980937,-0.642308066,-0.871550705
AT5G39670,-0.818475891,0.645142177,1.299346315,-0.170748787,-0.671972753,-0.657574795,1.810918059,-0.741742488,-0.694891838
AT5G39860,-0.032425787,-1.855656733,-0.452993928,-0.950199289,1.200110601,-0.062183215,0.197978683,0.815911176,1.139458493
AT5G39890,-0.833374756,-0.390563403,-0.779235733,1.673310479,-0.307148897,1.773968233,-0.558718949,-0.177045167,-0.401191807
AT5G40330,0.967837452,-0.101923817,0.91344684,-0.024525183,-0.941315012,-0.880230333,-1.375040085,1.622811661,-0.181061522
AT5G40590,-0.760481088,-0.459893807,-0.763281694,2.076174089,-0.536099888,1.312978699,-0.107959484,-0.334870938,-0.42656589
AT5G41315,-1.004884405,-0.911919912,-1.094439175,1.996523479,0.336056567,0.809961192,-0.298866415,0.310030201,-0.142461531
AT5G41410,0.87980267,-0.763857671,-0.900800918,0.167457293,0.524162155,-1.558720087,1.510328132,-0.564602908,0.706231333
AT5G41590,-0.660037287,-0.425031413,-0.956886165,2.451110794,-0.08824966,-0.093278385,0.38664069,-0.536787283,-0.077481292
AT5G41680,1.125077341,-1.685478419,0.021238703,-0.252042334,-0.418580634,1.03665809,-1.242696198,0.836257844,0.579565607
AT5G41740,-0.951069609,1.855143894,1.157159848,0.285474805,-0.63892391,-0.762617269,0.246214136,-1.082140988,-0.109240908
AT5G41750,-0.629556376,1.240965927,1.282719353,-0.594612882,-0.508125603,-0.88121238,1.444330821,-0.792500654,-0.562008207
AT5G42380,-0.441660924,0.513827351,2.522603817,-0.34551766,-0.475053694,-0.436119872,-0.272227187,-0.53334401,-0.532507822
AT5G42410,-0.570593567,0.235195512,-0.431064001,2.541447307,-0.556755176,-0.307718336,-0.682188836,-0.311925556,0.083602653
AT5G42650,-1.057055645,-0.642822396,-0.660863647,-0.843268145,0.910626461,-0.198043718,2.090965907,0.180407139,0.220054044
AT5G43170,-0.840862823,1.234272887,0.587695103,1.916174355,-0.605899885,-0.364101334,-0.74091211,-0.5978136,-0.588552592
AT5G43290,1.21431599,0.556273505,1.790539967,-0.051943413,-1.117636749,-0.655689149,-0.869391453,-0.119387802,-0.747080896
AT5G43380,-1.838823647,0.340966009,-0.882338988,1.486095899,0.714774812,0.063771616,0.468435728,0.423059965,-0.775941395
AT5G43520,-0.957715299,0.57595556,-0.604933311,2.054352731,-0.870811636,0.479684521,0.591649308,-0.739317982,-0.528863892
AT5G43540,0.090459751,-0.935250707,-1.598357945,0.537470874,0.518968776,-0.569263116,1.204491854,-0.610907831,1.362388344
AT5G43630,-0.776750507,-0.161048839,-0.768073211,1.567808414,-0.322988797,1.863366808,-0.445456676,-0.266196263,-0.690660928
AT5G44050,-1.11963067,-0.539292613,-1.1854037,0.593586055,1.156076387,0.154860755,1.737017173,-0.43442978,-0.362783606
AT5G44110,-0.430386263,0.482435681,-0.317613468,2.521945191,-0.518885384,-0.1677607,-0.557518357,-0.491379499,-0.520837203
AT5G44190,-0.890179919,0.797538542,-0.575375431,2.295149697,-0.404582988,0.225335736,-0.293738458,-0.522441893,-0.631705286
AT5G44260,0.220501498,-0.573571644,0.189816443,-1.375232812,0.351071445,-1.252291877,1.971800522,0.178511912,0.289394512
AT5G44350,-0.376043667,0.137464329,2.554507234,-0.422796604,0.095987571,-0.79691836,-0.503425912,-0.328652206,-0.360122385
AT5G45070,-0.574393208,0.29085926,-0.709166208,2.496919059,-0.325457112,-0.554839456,0.144738858,-0.627037549,-0.141623645
AT5G45340,-0.825043125,1.394563488,0.747448676,1.689707392,-0.657144236,-0.253991125,-0.679023443,-0.711572503,-0.704945123
AT5G45420,0.614274244,0.407804062,1.132883808,0.705275326,-0.489907183,-0.182461027,-2.114278976,0.644871789,-0.718462043
AT5G45580,1.413860002,0.387110921,0.887957698,0.990918208,-1.050392923,-0.765887022,-1.481302301,0.057392782,-0.439657365
AT5G46295,-0.377963971,0.66361307,2.347895751,-0.447868995,-0.692177832,-0.630932097,0.326691465,-0.515633473,-0.673623917
AT5G46760,-0.36765041,-0.374484426,-1.35250013,0.128077435,1.253635324,-0.84634067,1.787958604,-0.543354431,0.314658702
AT5G46780,-1.143695529,-0.177979755,-0.664456717,2.092182977,-0.151222183,-0.322071172,1.077274156,-0.743835414,0.033803638
AT5G47000,2.009286968,0.372641758,-0.775969495,1.156015178,-0.191640049,-0.716603702,-0.97351058,-0.435585904,-0.444634175
AT5G47140,1.680475457,-0.626448256,-0.49188896,1.452845688,0.188266337,-0.988145627,-1.158864939,-0.221024083,0.164784382
AT5G47220,-1.458546361,1.511805554,1.181463134,-0.696688424,-0.008595555,-0.858333733,0.892209372,-0.366353561,-0.196960426
AT5G47230,-0.728357083,0.751807057,2.219695249,-0.211528796,-0.451302923,-1.038930536,0.402707924,-0.616288668,-0.327802224
AT5G47370,1.072337672,-1.946209991,-0.832793129,0.769588487,0.247495744,0.152996774,-0.846315252,0.592884362,0.790015332
AT5G47610,-0.784297857,0.539022155,0.062243444,1.936165692,-0.854484424,1.044830546,-0.260493927,-0.707649148,-0.97533648
AT5G47740,-0.8222094,1.231118768,-0.272154516,2.023401847,-0.533724371,0.065160552,-0.133470105,-1.023294887,-0.53482789
AT5G48150,-0.98604121,-1.131961797,-1.081575,-0.449726971,1.695795138,0.5670438,0.430898747,-0.039342265,0.994909557
AT5G48250,0.638354589,0.241276119,0.368939169,-0.581712254,0.919133085,-1.580319274,-0.644462161,-0.925235322,1.564026049
AT5G48430,-0.738634149,-0.310990422,-0.653960674,1.81019078,-0.671673662,1.647163129,-0.169290394,-0.308598236,-0.604206372
AT5G48490,-0.871547225,-0.712426163,-0.720461507,-0.535608414,0.55191443,2.341755408,0.149688282,0.116757653,-0.320072464
AT5G48540,-1.303506336,0.797324942,-0.630985433,1.718479059,-1.144061469,0.411682917,0.687534868,0.062574099,-0.599042648
AT5G48560,0.717610529,0.365088724,-0.366558756,2.209285901,-0.361780905,-0.741287642,-1.19944178,-0.203360288,-0.419555783
AT5G49330,-0.185356473,1.065774344,-0.073256325,2.202556936,-0.486152061,-0.492645985,-0.923443475,-0.43520552,-0.672271441
AT5G49740,-0.891484761,-0.720479594,-0.49848689,1.583177944,-0.386150758,1.739014254,-0.490504548,0.312667341,-0.647752987
AT5G49850,-0.905482352,-0.520762407,-0.945936509,1.963070751,-0.02485893,0.66951318,-1.04496655,0.022571404,0.786851414
AT5G50100,-0.732495588,-0.398502913,-1.092538855,1.171536807,0.077597906,1.890682585,0.095659684,0.058229732,-1.070169358
AT5G50335,0.065461091,-0.797621685,0.211994376,-1.618304349,0.881714521,-0.736762011,1.822094838,0.228369585,-0.056946365
AT5G50915,0.567381215,0.005063289,-0.297353552,-0.991287469,0.48103218,1.502707323,-1.960558838,0.475997767,0.217018086
AT5G51190,-0.535638996,0.687817356,2.454317235,-0.17598196,-0.532570546,-0.448445843,-0.470165396,-0.492781605,-0.486550244
AT5G51810,0.806292193,-0.782318056,0.567608729,-1.25756747,-0.494187673,0.902626134,-1.080481661,1.594395048,-0.256367245
AT5G52010,-0.832012249,-0.724723616,0.189647319,-0.783629118,-0.137268068,1.551590528,-0.591663497,1.776297137,-0.448238436
AT5G52020,-0.612905106,1.906875369,1.556147951,-0.086406892,-0.618304575,-0.428932165,-0.635190299,-0.491789582,-0.589494702
AT5G52250,-0.863505442,1.316838598,-0.219274409,2.066973879,-0.537455055,-0.210610595,-0.315780145,-0.590444833,-0.646741999
AT5G52260,2.069686128,-0.009987734,0.8269654,0.092643662,-0.282717142,-1.217974669,-0.861324773,0.205187855,-0.822478728
AT5G52510,-0.40579393,1.856843811,0.50304046,1.371620451,-0.679252189,-0.801126396,-0.714420812,-0.56712238,-0.563789015
AT5G52570,-0.916291875,-0.623680183,-0.568684887,-0.1760519,-0.235145468,2.044997798,1.273251029,-0.052901872,-0.745492642
AT5G52790,2.106148274,-0.09873621,-0.888545843,0.142144635,-0.411004353,-1.372734024,-0.347475569,0.125276969,0.744926123
AT5G52830,-0.137185837,-0.723611282,-1.159116338,2.34406139,-0.088888048,0.314247337,-0.662062573,-0.128219743,0.240775093
AT5G53660,0.369165872,-0.908520836,1.16445249,-1.83057285,0.340079158,-1.007619292,0.519374402,0.76193103,0.591710027
AT5G53970,-0.848289838,-0.082877493,-0.401227082,1.592813671,-0.746136528,1.356976938,0.833241516,-0.728886462,-0.975614721
AT5G54040,-0.010778188,-0.040195426,-0.584303822,2.528804136,-0.531726802,0.02326399,-0.923515835,-0.329103679,-0.132444376
AT5G54230,2.167591696,-0.137445218,-0.082202501,1.050841423,-0.739770826,-0.82728502,-0.345736861,-0.203331302,-0.882661391
AT5G54270,-1.006955298,-0.791751701,-0.909797284,-0.544047567,-0.005224304,1.816017938,0.68747491,1.14538952,-0.391106215
AT5G54470,-0.858258644,0.6769021,-0.503963187,2.343171872,-0.781114332,-0.385527712,0.003303935,-0.547013699,0.052499666
AT5G54585,-0.196714462,-1.227804377,-0.229689791,-1.514785408,0.596562929,-0.162714497,1.811439623,0.371924169,0.551781814
AT5G54960,-0.421706238,-0.132448836,-0.694880717,1.777763221,0.51371543,0.489377238,-1.045563275,-1.34913493,0.862878106
AT5G55090,-0.327890965,0.471520849,-0.373006842,2.311171602,-0.71283801,0.553599374,-0.867177544,-0.346046331,-0.709332133
AT5G55120,-1.270469197,-0.804450841,-0.812691997,0.567721875,0.176805231,2.031901729,0.487071885,0.191674252,-0.567562938
AT5G55620,-1.047337181,0.58083393,-0.274690886,2.082903771,-0.258686563,0.684255311,-0.329381002,-0.231925477,-1.205971904
AT5G55770,0.070779668,0.408528401,-0.517811385,2.479436749,-0.349914491,-0.170027882,-0.78355605,-0.577954504,-0.559480506
AT5G56270,-1.268346192,-0.473089083,0.248783516,-0.872529196,1.0004219,-0.855637943,1.863818652,0.370551923,-0.013973577
AT5G56620,2.379231759,-0.270750732,-0.633767589,0.504304639,-0.943713862,-0.379968055,-0.754957906,0.043874119,0.055747627
AT5G56780,-0.806599786,-0.569787671,-0.209968198,-0.866456121,0.505058454,-0.369879676,2.412728817,0.030647267,-0.125743085
AT5G56860,-0.881105771,0.221064693,-0.113505046,2.283340498,-0.816667586,0.526793457,-0.116234203,-0.115250147,-0.988435895
AT5G57010,-0.682424883,0.800222031,0.059812234,-0.248349656,-0.288432505,-0.82815529,2.323862836,-0.65029576,-0.486239008
AT5G57510,-0.879722961,0.300059645,1.650431956,-0.177544278,-0.708847525,-0.899978726,1.592947233,-0.708699777,-0.168645568
AT5G57520,0.026112526,0.307575834,0.394837359,2.360127765,-0.656724168,-0.491451867,-0.940552631,-0.253751126,-0.746173691
AT5G57660,-1.165831311,0.026461687,-0.063634577,0.065988132,-1.024650041,0.660510579,2.211770415,-0.331471679,-0.379143204
AT5G57760,0.15475369,-0.236852794,1.616706401,-2.062157475,0.339653355,-0.212194792,-0.042098881,0.851091059,-0.408900563
AT5G58010,1.819134298,0.647239809,0.161452881,0.603448455,-1.122592857,-0.528782448,-1.49998687,0.170560219,-0.250473488
AT5G58360,2.320785084,-0.505079337,-1.190884346,-0.442011126,0.049414201,-0.517881935,-0.407572115,0.531317229,0.161912344
AT5G58750,-0.547278497,1.672270724,0.101785974,1.669526127,-0.806276632,-0.09733895,-0.906514308,-0.410598588,-0.67557585
AT5G58760,-0.770499217,-0.098230684,-0.588356212,1.947200556,-0.353440286,1.493178819,-0.524077717,-0.456974349,-0.64880091
AT5G58770,-0.175497149,-0.307640079,-0.549268361,1.852113377,-0.329912259,1.53878954,-1.082788184,-0.321031455,-0.624765431
AT5G58900,-0.331391696,0.986164245,-0.086516909,2.054407569,-0.759791834,-0.26255824,-1.362138316,0.163383045,-0.401557866
AT5G59570,0.598490608,0.849393047,1.519574164,0.311513824,0.262046748,-1.095550537,-0.886562178,-1.568188699,0.009283025
AT5G59730,-1.516670585,0.510576743,-0.157915442,1.774342566,-0.565529874,0.814977224,0.451557523,-0.325462394,-0.985875762
AT5G59780,0.168216902,-0.932756132,-1.308789017,0.192929178,0.715170264,-1.122485312,1.72023637,-0.195765174,0.763242921
AT5G59820,-0.802430971,0.336816747,2.437216206,0.014856064,-0.456619845,-0.633394568,0.225414076,-0.64039977,-0.481457939
AT5G60450,-0.640181208,-0.337575016,-0.443360252,-1.371742786,0.557637916,0.659882805,-0.518966726,2.093378098,0.000927169
AT5G60680,1.508773974,-0.60575674,0.928678313,-1.783561439,-0.159900946,-0.943131007,0.472928559,0.240709936,0.341259351
AT5G60850,-0.780676048,0.061671401,-1.215333766,1.069652379,-0.109289733,0.165066995,1.987303051,-0.792516908,-0.38587737
AT5G60890,-1.163480032,-1.016007772,-1.210308967,-0.535391666,1.056104727,1.17848724,0.176300593,1.057758251,0.456537627
AT5G60970,-1.416269928,-0.731481873,0.40757655,-1.068578761,0.233005186,0.555711179,1.853695055,0.494272215,-0.327929623
AT5G61270,-0.975988386,-0.181529003,-1.043494503,1.863092304,-0.216718147,1.281938897,0.264460426,-0.814024825,-0.177736762
AT5G61430,2.555280724,-0.472913677,0.027631554,-0.207056588,-0.235426155,-0.782015893,-0.711615314,-0.001010607,-0.172874044
AT5G61590,-1.393148755,0.070002647,-0.497890618,1.390372356,0.749260848,-1.363893047,1.025574717,-0.437135598,0.45685745
AT5G61600,-0.479874676,0.255377125,2.534912478,-0.299763033,-0.270710907,-0.797501608,0.011616277,-0.587310261,-0.366745395
AT5G62000,-1.307609412,-0.795214039,0.346030101,-0.149198522,-0.446380768,0.682377605,2.167491021,-0.12805875,-0.369437235
AT5G62430,0.843442814,0.983868659,-0.203928752,1.68624424,-1.316926479,-0.137145635,-0.89119152,-0.022140797,-0.942222529
AT5G62520,-0.675058627,2.176030826,0.924765766,0.447214375,-0.581031494,-0.331841162,-0.769317827,-0.54308224,-0.647679616
AT5G62940,-0.396601212,-0.659626991,-0.793451511,-1.002633955,0.755082657,-0.337333392,2.251627146,0.057867274,0.125069983
AT5G63470,-1.030115675,-1.177464955,0.140421865,-1.106551554,0.550368238,0.863500137,1.787849488,0.163376677,-0.191384222
AT5G63650,1.140012037,0.403969054,1.786333399,-0.870579058,-0.336218086,-1.384833704,-0.740540603,0.068298917,-0.066441956
AT5G64170,-0.712104132,-0.503358495,-0.780261756,1.63664429,-0.646988833,1.798844897,-0.213459836,-0.084330547,-0.494985587
AT5G64750,-0.645091489,-0.161159258,-0.626651902,2.509515589,-0.506308454,0.360742862,-0.578677661,0.028863774,-0.381233461
AT5G64770,-1.099975039,-0.902067018,-1.091524657,-0.376158113,1.951532315,0.632256021,0.384450579,-0.033542681,0.535028593
AT5G64810,-0.615455822,0.472088209,0.1993172,-0.657021651,-0.155370129,-0.911246662,2.405810363,-0.446831315,-0.291290193
AT5G64840,-0.820051219,-0.372537544,-0.555836012,0.953661352,-0.434935596,2.193996967,0.153802276,-0.159808789,-0.958291436
AT5G64850,-0.644165579,1.35687883,-0.292017205,1.78287871,-0.777476863,0.393257852,-1.000374908,0.029122869,-0.848103706
AT5G64900,-0.669012075,1.318358606,2.014464361,-0.592019079,-0.208813426,-0.715677544,0.140936882,-0.657560651,-0.630677073
AT5G65210,1.701616316,-1.210357541,-1.392028416,0.369025941,0.12476594,-0.651326768,-0.299325483,0.439394022,0.918235989
AT5G65280,-1.561550299,-0.598834863,-0.910072697,-0.108731028,1.188441203,0.421461712,1.505421679,-0.470335959,0.534200252
AT5G65300,-0.409211306,1.217496345,2.018367585,0.257404398,-0.414164972,-0.408210195,-1.064040822,-0.492375822,-0.705265211
AT5G65310,-0.767304582,0.990539695,-0.037211016,1.779740223,-0.667252508,0.687302741,-1.326226475,0.098691096,-0.758279175
AT5G65320,1.904609307,-0.580264444,-0.766605476,-0.609665835,0.090707731,0.515379258,-1.513441294,0.640764821,0.318515932
AT5G65340,-0.968172188,0.095521994,0.468498574,1.912430805,-0.834844735,0.708691434,-1.36360112,0.233479033,-0.252003796
AT5G65410,0.357107205,0.143420815,1.682640921,-0.523996751,-1.159623894,1.219370439,-1.321904761,0.011514157,-0.408528131
AT5G65683,-0.514916929,0.562860986,-0.597704452,2.140499616,-0.52395535,0.823346653,-1.087009331,-0.295403133,-0.507718061
AT5G65800,1.441140721,-1.100116009,-1.215679743,0.434857459,1.094644211,-0.826499711,-0.764033592,0.200420331,0.735266333
AT5G66700,1.137135305,1.047030615,1.010812431,0.761266511,-0.629632729,-1.383523465,-0.223236107,-1.151496506,-0.568356054
AT5G66985,-0.838633125,-0.163933893,-0.935954557,2.323207137,-0.255323654,0.78850132,-0.438592757,-0.274128934,-0.205141537
AT5G67060,-0.424125243,-0.558472344,1.058873934,-1.81606602,-0.313174375,1.085527287,-0.043754985,1.31160458,-0.300412834
AT5G67080,-0.828981138,1.808365204,0.573122951,1.390510192,-0.664493698,-0.679580597,-0.658403869,-0.443503068,-0.497035977
AT5G67110,0.416944816,0.296032584,1.404207748,0.774147312,-1.069152768,0.790586558,-1.693981697,-0.227393345,-0.691391207
AT5G67160,-1.579416239,-0.228075047,-0.856451647,1.29359632,0.166353326,1.38078832,-0.609820036,0.785124689,-0.352099686
AT5G67190,-0.397600249,-0.720223262,-0.37284858,0.252818634,0.325024129,-0.478192782,2.486580881,-0.510758051,-0.58480072
AT5G67300,-0.600713,2.204432835,1.018215543,0.251353498,-0.597280728,-0.589304159,-0.661282675,-0.592131754,-0.43328956
AT5G67430,0.609511156,-1.560492587,-1.234179242,-0.409470345,0.351815706,-0.17050587,1.772364841,0.358939104,0.282017237
AT5G67450,-0.550255792,1.912298693,1.192329942,0.640262083,-0.811533373,-0.550891295,-0.90248054,-0.466940082,-0.462789636
AT1G01260.p395,0.118070006,-1.264804129,-0.927316728,-1.093059119,0.882899242,-0.467049998,1.58448734,0.850508828,0.316264558
AT1G09540.p142,0.363103201,0.753111748,-0.099542883,2.14621789,-0.398739607,-0.443868264,-1.369369107,-0.447916205,-0.502996774
AT1G09540.p143,0.363103201,0.753111748,-0.099542883,2.14621789,-0.398739607,-0.443868264,-1.369369107,-0.447916205,-0.502996774
AT1G09540.p144,0.363103201,0.753111748,-0.099542883,2.14621789,-0.398739607,-0.443868264,-1.369369107,-0.447916205,-0.502996774
AT1G19700.p316,-0.076923035,-1.308165506,-1.136488023,0.672634802,0.550754559,1.983459992,-0.539086133,-0.073049628,-0.073137029
AT1G26790.p170,-0.681132189,1.11802294,-0.227884628,2.136262667,-0.825385686,0.034337887,-0.2270196,-0.496532183,-0.830669208
AT1G26790.p174,-0.681132189,1.11802294,-0.227884628,2.136262667,-0.825385686,0.034337887,-0.2270196,-0.496532183,-0.830669208
AT1G44830.p22,0.9600001,0.803176648,1.903656143,-0.832240831,-0.457052396,-0.910490689,-0.974202208,-0.18174544,-0.311101326
AT1G51140.p234,1.853758876,-0.085417917,1.23069695,-0.184949926,-0.945641896,-0.057911812,-1.227327122,0.17394493,-0.757152082
AT1G51140.p259,1.853758876,-0.085417917,1.23069695,-0.184949926,-0.945641896,-0.057911812,-1.227327122,0.17394493,-0.757152082
AT2G02070.p71,-0.760332737,-0.703753476,0.594843581,-1.284552568,-0.421593324,1.885723369,-0.492960598,0.94252894,0.240096814
AT2G22300.p8,-1.343884819,0.278910953,-1.147688634,-0.284020689,1.42675945,-0.590834965,1.493794504,-0.126561102,0.293525302
AT2G22300.p964,-1.343884819,0.278910953,-1.147688634,-0.284020689,1.42675945,-0.590834965,1.493794504,-0.126561102,0.293525302
AT2G37060.p14,1.968774841,0.460998145,-1.104092788,0.941514843,0.169665186,-0.759113641,-0.967751653,-0.276557055,-0.433437878
AT2G37060.p17,1.968774841,0.460998145,-1.104092788,0.941514843,0.169665186,-0.759113641,-0.967751653,-0.276557055,-0.433437878
AT2G37060.p22,1.968774841,0.460998145,-1.104092788,0.941514843,0.169665186,-0.759113641,-0.967751653,-0.276557055,-0.433437878
AT3G10030.p259,-0.091823593,0.065278984,0.889952127,-0.841175093,-0.2446329,-1.047817861,2.200962469,-0.62750029,-0.303243842
AT3G11020.p4,-0.72773044,1.021534941,1.707914705,0.644671932,0.175670888,-1.13619766,-0.313485778,-1.291379356,-0.080999233
AT3G11020.p7,-0.72773044,1.021534941,1.707914705,0.644671932,0.175670888,-1.13619766,-0.313485778,-1.291379356,-0.080999233
AT3G11020.p9,-0.72773044,1.021534941,1.707914705,0.644671932,0.175670888,-1.13619766,-0.313485778,-1.291379356,-0.080999233
AT3G11100.p4,-0.196786271,-0.624304128,0.443882421,-1.113470566,0.45072343,-0.982110613,2.186348465,-0.376559719,0.21227698
AT3G16857.p166,-0.152102829,-0.28722227,-0.041125322,-0.391752778,-0.258609529,-1.014400469,2.283382948,-0.911680935,0.773511185
AT3G16857.p168,-0.152102829,-0.28722227,-0.041125322,-0.391752778,-0.258609529,-1.014400469,2.283382948,-0.911680935,0.773511185
AT3G16857.p190,-0.152102829,-0.28722227,-0.041125322,-0.391752778,-0.258609529,-1.014400469,2.283382948,-0.911680935,0.773511185
AT3G46640.p98,-0.115251239,1.211916814,0.004722543,1.39564859,0.450199563,-1.0238296,-1.0726668,-1.375821822,0.52508195
AT4G16780.p119,0.847403576,-1.548927499,-1.054307035,-1.254894096,0.380179803,0.187516859,0.705506754,0.937603065,0.799918573
AT5G11260.p36,-0.548051184,1.23414536,0.018368226,2.082651366,-0.618725115,-0.08372117,-0.682121097,-0.695631929,-0.706914457
AT5G28300.p388,0.566363813,-0.856065061,1.257709446,-1.622521412,-0.14823316,-0.81567121,0.212894973,1.413961732,-0.008439124
AT5G44260.p50,0.220501498,-0.573571644,0.189816443,-1.375232812,0.351071445,-1.252291877,1.971800522,0.178511912,0.289394512
AT5G45420.p105,0.614274244,0.407804062,1.132883808,0.705275326,-0.489907183,-0.182461027,-2.114278976,0.644871789,-0.718462043
AT5G47370.p117,1.072337672,-1.946209991,-0.832793129,0.769588487,0.247495744,0.152996774,-0.846315252,0.592884362,0.790015332
AT5G65410.p175,0.357107205,0.143420815,1.682640921,-0.523996751,-1.159623894,1.219370439,-1.321904761,0.011514157,-0.408528131
AT5G65410.p181,0.357107205,0.143420815,1.682640921,-0.523996751,-1.159623894,1.219370439,-1.321904761,0.011514157,-0.408528131